cell_id,cycle_index,ambient_temperature,capacity,v_start,v_end,v_min,v_mean,v_std,i_mean,t_start,t_max,t_mean,t_rise,discharge_duration,energy_discharged
B0005,1,24.0,1.8564874208181577,4.191491807505295,3.277169976825196,2.612467347907089,3.5298286688693397,0.2359570706808563,1.818711710270297,24.330033885570543,38.98218133148803,32.572328114029,14.652147445917484,3690.234,6.6087781949284645
B0005,2,24.0,1.846327249719927,4.189773213846608,3.3002448871222545,2.587208728940726,3.5373201277859714,0.2347649292859221,1.8176438989718111,24.697751935729325,39.033397966787035,32.72523522519307,14.33564603105771,3672.344,6.586345150397565
B0005,3,24.0,1.8353491942234077,4.188186735991303,3.3274510098686276,2.6519168938437794,3.5437367282719,0.2275254354967308,1.8165423469233573,24.7342661639544,38.81879668981741,32.64286193755933,14.084530525863013,3651.641,6.555683334957384
B0005,4,24.0,1.8352625275821128,4.188461118855572,3.314181858907029,2.592947964776547,3.5436661072601456,0.2327443172418253,1.8256179748849433,24.65423646922845,38.7623045063458,32.51487646204882,14.108068037117349,3631.563,6.5548286069376
B0005,5,24.0,1.834645508212042,4.188298524761055,3.30549673128648,2.547419651124539,3.5423432526672167,0.2366885716567803,1.8261478651693803,24.524796959348127,38.66539257343368,32.38234901543077,14.140595614085552,3629.172,6.552231972609875
B0005,6,24.0,1.8356616600675495,4.188815807948604,3.302329112973759,2.5209480504077413,3.5413347346347575,0.2393162599829323,1.8168998532879652,24.522297376927863,38.75169504640032,32.43418218230641,14.229397669472458,3652.281,6.557494548054203
B0005,7,24.0,1.8351461429226603,4.18839163793879,3.2937406695499014,2.487927319492314,3.5410250495075215,0.2425153341196382,1.8168378953364732,24.58487828579781,38.8207012322275,32.480416444757985,14.235822946429687,3650.828,6.557049661436373
B0005,8,24.0,1.8257567905665535,4.188927891511958,3.3162307407741536,2.6652049047458775,3.554133296801584,0.2273125109616539,1.8444082717328028,24.713628799279793,38.51713023385634,32.41046186109587,13.80350143457655,3572.453,6.535167110927522
B0005,9,24.0,1.8247738529891333,4.189029250882121,3.297410935416153,2.6038584726333673,3.5529355991467955,0.2324538495076242,1.854064004450843,24.635211633324698,38.526267904657,32.3461408313,13.8910562713323,3550.594,6.5291073135895505
B0005,10,24.0,1.824613268496936,4.189223427076418,3.2884044830952868,2.552853984885676,3.5512057319376997,0.2367287014754215,1.853658588102974,24.572057664095553,38.52698128472781,32.27679750791685,13.954923620632258,3551.25,6.526577749922872
B0005,11,24.0,1.8246195526864504,4.188916055911241,3.2662755750614747,2.4724483018527317,3.549292319740949,0.2430973444996006,1.863423718930417,24.43671599422777,38.54143406601644,32.15709350345252,14.104718071788673,3530.25,6.5224730397045345
B0005,12,24.0,1.8142019357673915,4.189876247266316,3.296199859463087,2.64956413267546,3.559759220648976,0.2288618517595794,1.8730031464912944,24.7443285138996,38.52197451768004,32.36407129853099,13.777646003780443,3491.016,6.497483643883568
B0005,13,24.0,1.8137521577549056,4.189286794768804,3.2717574155336004,2.5724981777366227,3.558081969139198,0.2346077577627525,1.882660242467496,24.73663909953236,38.582485834057856,32.3181954403762,13.845846734525496,3470.281,6.491853045269893
B0005,14,24.0,1.8134404914735824,4.188837765892728,3.2648550840850254,2.5249886697730286,3.555692244172496,0.237911318298918,1.882597711117009,24.44798340505406,38.520294134873915,32.15709029211503,14.072310729819854,3470.0,6.487114428498572
B0005,15,24.0,1.8025980036306504,4.189110301768517,3.309111201518355,2.694621861688723,3.562746818017503,0.2239260869020738,1.881823526427438,24.47211924021532,38.21358592965045,32.04407000314609,13.741466689435129,3450.297,6.456673528229404
B0005,16,24.0,1.80210690024615,4.18921207304098,3.2881490528689254,2.64010141737067,3.5614521756489204,0.2279697917277214,1.8922597783879131,24.325417128823226,38.1983618706913,31.931593674911532,13.872944741868077,3429.407,6.451147555097534
B0005,17,24.0,1.802579500826209,4.188899969428112,3.260754100903525,2.573903509838096,3.5603420474985823,0.2329760049856253,1.9027782137498737,24.3625933569109,38.31926916027133,31.941655359029298,13.956675803360431,3409.484,6.449580251029462
B0005,18,24.0,1.8030683142834096,4.188779799856791,3.2294668217844102,2.4942396831720126,3.5591189041401865,0.2387364387680622,1.9133470605822436,24.382419922756025,38.4787542519308,31.965008645476725,14.096334329174775,3390.422,6.4472058652048485
B0005,19,24.0,1.802777624719604,4.189272591516219,3.224378894859077,2.4556793246645583,3.557886771846508,0.2414503141215667,1.9132081421080984,24.361449262276754,38.54659017774874,31.966241678512723,14.185140915471989,3390.281,6.444197257048334
B0005,20,24.0,1.8470259949329193,4.187614060563439,3.2587403321633976,2.632142800798914,3.5520375235511907,0.2341656307122479,1.8554552597994576,24.558714742953537,38.44749852224995,32.37143341978575,13.888783779296414,3591.734,6.611240878678175
B0005,21,24.0,1.847417311283644,4.1876287811083985,3.2180462147957645,2.5027764692056795,3.5525668436897124,0.2441722414090925,1.8747434663359823,24.92210633449132,38.992275791716615,32.70024990461686,14.070169457225294,3552.297,6.611161010084513
B0005,22,24.0,1.8361774213478947,4.187447226312926,3.2573096268397737,2.617507742871704,3.556794038327039,0.2331197356739463,1.8738792670691689,24.56596639952811,38.51424197364312,32.32266411829938,13.948275574115003,3531.578,6.574821168404174
B0005,23,24.0,1.825780747577624,4.187344026387161,3.2802567474945943,2.694074478000972,3.5614100044534203,0.2248463314404929,1.883276367037806,24.21658146702539,38.165816144899125,31.98795810666763,13.949234677873736,3492.907,6.539641286548478
B0005,24,24.0,1.8251136435078368,4.187438187636325,3.2797654511586916,2.6237674644021887,3.556610794781798,0.2306744963518295,1.873332055636116,24.05499065781757,38.16526203587147,31.894456524691385,14.110271378053902,3511.594,6.532620983797102
B0005,25,24.0,1.825581504220376,4.18774138117799,3.2050689156049863,2.5010798299873738,3.5586742170266272,0.2384585859277787,1.9139789784762269,24.028778234327,38.27549578575718,31.78039681801023,14.24671755143018,3431.937000000006,6.527920631813517
B0005,26,24.0,1.814031127508391,4.188261122540052,3.276866922356563,2.6849988185249796,3.564103182686905,0.223712897106684,1.9031048926498,23.93841461307264,37.982160799183106,31.688747146342205,14.043746186110464,3431.125,6.495263190740645
B0005,27,24.0,1.814769194115894,4.187338767288234,3.2311300277309924,2.547109116468133,3.559588063594272,0.2339906050623352,1.913471143750189,23.811534187517506,38.11100191887773,31.596747992569153,14.299467731360227,3412.406,6.489442748159886
B0005,28,24.0,1.813969388710352,4.187560306288175,3.2220257725268313,2.471314764334132,3.556833231052199,0.2394720241414124,1.913620909902553,23.754765330883423,38.18831137948753,31.565586498787077,14.433546048604107,3410.688,6.482180288608384
B0005,29,24.0,1.802765665167823,4.18805176248713,3.2900827937307877,2.6613903306108773,3.5624410850948944,0.2246938172828494,1.9026476995844432,23.79768342466196,37.99854111908584,31.59124667045208,14.20085769442388,3410.718,6.451556870936514
B0005,30,24.0,1.804077040117352,4.187667484260542,3.2511761852414898,2.541762355407921,3.5591407106855666,0.2337381121665522,1.9130823665540544,23.801300986918452,38.194201649765226,31.603485399391182,14.392900662846774,3392.719,6.449409259843297
B0005,31,24.0,1.8518025516704488,4.2010701773378685,3.249283482317545,2.628919415830567,3.5573161327793144,0.2244802327371113,1.9206226860865137,23.78129749955371,38.45796400011448,31.91556385491565,14.67666650056077,3470.672,6.6214238417618985
B0005,32,24.0,1.8307038456739428,4.1996223345495824,3.260087599199005,2.6312552691827045,3.561870782772737,0.2232655714450736,1.9298947547733056,24.20404341141355,38.49126351534004,32.081128118597164,14.287220103926488,3414.109,6.550749752385637
B0005,33,24.0,1.8199041089501269,4.199853323702163,3.281146601420838,2.654880745360911,3.5617586337260088,0.2210459604835194,1.929319271264108,24.0063252333915,38.31473393357882,31.849792632896243,14.30840870018732,3395.219,6.510886361026922
B0005,34,24.0,1.8093079637028515,4.199103467081427,3.309371520154756,2.6749688422803803,3.5597307651083123,0.2189722484436545,1.923358415235126,23.53999092882516,37.861934640176806,31.465690433362017,14.321943711351649,3386.0,6.469268383163047
B0005,35,24.0,1.80460990458052,4.199998536865001,3.295594467656429,2.6159705726789904,3.5575937553540915,0.2236425238784347,1.928508840692084,23.566095747572557,37.90665575786083,31.40934895665031,14.340560010288277,3368.187,6.448258261024923
B0005,36,24.0,1.7993770651972192,4.19967522099872,3.317198245350349,2.658447162110498,3.5597237883937995,0.2206730496885283,1.9231516515854177,23.978912001702884,38.34003238560517,31.902247475518077,14.361120383902286,3368.266,6.434013039595092
B0005,37,24.0,1.7884432335370462,4.1991847248803165,3.3478185065039905,2.6979426084271156,3.559061771422033,0.2174117074890921,1.9170640150939449,23.757591205264927,38.0745950590744,31.649024294808623,14.31700385380947,3358.719,6.393192582022831
B0005,38,24.0,1.7829230484252725,4.200012480335,3.3378219239048574,2.6617272246516333,3.557015527748059,0.2202112122344345,1.922067492364195,23.51454265913581,38.07252758016199,31.48874626238971,14.55798492102618,3339.5,6.36913041109019
B0005,39,24.0,1.7730337158018288,4.1992373656547874,3.364372479379788,2.699288287625812,3.5562481933590964,0.2171153204978367,1.9162697587781747,23.282413018265935,37.80133585100446,31.32999561009263,14.518922832738523,3331.265,6.332119975253012
B0005,40,24.0,1.773037755078937,4.1993957811187075,3.336014493650917,2.6127932408838532,3.5532756526091784,0.2242097776623701,1.922122706502154,23.439367870877128,38.39873985476869,31.569551201845577,14.959371983891565,3321.188,6.3279778283056345
B0005,41,24.0,1.7678721106662054,4.1995786980260705,3.3556596279465505,2.6637064901468075,3.556266431640255,0.2206559864089456,1.9162735319343265,24.020578317587123,38.74929237918251,32.111426258867944,14.72871406159539,3321.844,6.314847281055934
B0005,42,24.0,1.762315070409309,4.199546957512695,3.3614901977112828,2.6668454289754746,3.5563095420140822,0.2208647208047918,1.9159257340976643,24.256086319320033,38.87275464755104,32.271676011112376,14.616668328231007,3311.828,6.2948122663658
B0005,43,24.0,1.7676172924938447,4.194091469340824,3.3469681219757663,2.684431051981017,3.558950851054106,0.2248771520046519,1.9114464682592052,23.99270220171187,38.503541429116005,31.842291659678654,14.510839227404134,3327.391,6.312622563983889
B0005,44,24.0,1.762668359743147,4.200715235801255,3.37121004922177,2.645224362345869,3.5534418211598053,0.2226344820148037,1.915844717074932,23.828786239535976,38.27009094548294,31.759815453754253,14.441304705946964,3312.078,6.290405274839962
B0005,45,24.0,1.7517304870664143,4.1990980807180325,3.379951819113273,2.6603527244917,3.5510121537420285,0.2213051101969749,1.9151339148316244,23.35051297073213,38.11684755251712,31.41911167391793,14.766334581784992,3293.172,6.246148229446523
B0005,46,24.0,1.7418496047960008,4.199398534411534,3.391867015789506,2.6926849789916263,3.551317608213948,0.219007207490344,1.9148572716406749,23.236214188565977,38.04152715355532,31.331626572312267,14.805312964989344,3275.328,6.210316132444617
B0005,47,24.0,1.7360913511847138,4.199122915612965,3.389321801243052,2.670544734728978,3.549003180550162,0.221128808998641,1.9144233171408105,23.214801785728056,38.17980302242767,31.35934131425137,14.965001236699614,3265.016,6.1861677464656495
B0005,48,24.0,1.7936240148573608,4.190409478081396,3.2399604434797045,2.605158060541757,3.5597648340955175,0.2269081165416427,1.9389033648133625,26.647373946169793,40.71218198711114,34.31088483888259,14.064808040941344,3328.937,6.412408120460117
B0005,49,24.0,1.7831890223273277,4.199933846791869,3.3111276397349085,2.672012007453096,3.5623454342368555,0.2219615161167919,1.9275345758657751,25.700376529166363,39.88526123315293,33.43585640373788,14.184884703986569,3329.266,6.379642018495001
B0005,50,24.0,1.7673642076278957,4.199365021329158,3.3328621262920852,2.674271233724938,3.558336657621618,0.2211630242404102,1.926729523290468,24.83618832123406,39.18287352945846,32.66698125020078,14.3466852082244,3301.579,6.314810424724099
B0005,51,24.0,1.7570177850353066,4.19902365945384,3.333761215364808,2.6309416727017187,3.554013138622869,0.2244170962814481,1.926172441865584,24.361616832363048,38.951564804030774,32.28423408691397,14.589947971667726,3283.563,6.270513450066385
B0005,52,24.0,1.7468706179837907,4.199432142144215,3.3615057492929536,2.6629725743154204,3.552376095886298,0.222045693802601,1.9202943078313004,24.019157444608588,38.607510759873634,32.00739178780946,14.588353315265046,3275.125,6.231290262218774
B0005,53,24.0,1.7417172507457144,4.199640922827531,3.352855281098351,2.612942119873717,3.549618661283733,0.2262225932909048,1.9201149196706928,24.01966866535824,38.920359903369054,32.06387071886056,14.900691238010817,3265.656,6.208654358182036
B0005,54,24.0,1.7364225056478186,4.199305653118061,3.3651520816763276,2.6157198442661476,3.54938103086703,0.226444631751982,1.9144411095695255,24.33608487469673,39.23273115358871,32.43754560319043,14.896646278891978,3266.093,6.190266778442878
B0005,55,24.0,1.7263217239235826,4.198949734540481,3.3857728598519237,2.6287695472774453,3.547211868041895,0.2256048866862126,1.908381358995133,24.124280416630818,38.9649270684008,32.16809876635083,14.84064665176998,3257.594,6.150496704395597
B0005,56,24.0,1.7158065389330133,4.19834220599025,3.408443186054346,2.6655106679421823,3.5467052098640246,0.2226094623669177,1.9022223526493425,23.971565610462942,38.83927283461771,32.05752645824972,14.867707224154769,3248.593,6.111427878700762
B0005,57,24.0,1.710533351135192,4.198995776266302,3.4098320971762575,2.650495153350403,3.544629653883431,0.2244108788342533,1.9020695337081277,23.839327005970397,38.82796377704433,31.97592092807271,14.988636771073937,3238.766,6.08900370564263
B0005,58,24.0,1.706014499648521,4.19916986492694,3.417268005174641,2.643236235233877,3.5436291614253204,0.2251626394650501,1.8965332154034205,23.956923878018035,39.14007944734004,32.21689335291319,15.183155569322007,3240.14,6.0721041406452
B0005,59,24.0,1.7003110272642588,4.199246833083063,3.421833588845415,2.656450207001938,3.5444946147995258,0.2250288003365719,1.8959927229678664,24.465118009505925,39.349611598028886,32.55632993697177,14.88449358852296,3230.109,6.052907268941263
B0005,60,24.0,1.6945798601797897,4.1992551886401595,3.4271424058700943,2.626177688152069,3.5409201846556857,0.2275926795404218,1.8900332987976023,24.267851748683743,39.29444535878087,32.40048085325998,15.026593610097128,3229.7810000000027,6.027506290155278
B0005,61,24.0,1.6849029086609286,4.199610827671791,3.438178718052601,2.6582230344240045,3.541195668799061,0.2253901682415922,1.889393493537844,24.1464003948948,39.10487658009542,32.29371860868794,14.95847618520062,3212.469,5.992186732041017
B0005,62,24.0,1.6744741591159715,4.1994453812630566,3.465640472585762,2.695100237338448,3.540671044783382,0.2220033764373275,1.877705395568618,23.93565216301482,39.0462609369598,32.136071448067796,15.110608773944978,3213.219,5.953447910182052
B0005,63,24.0,1.6745692479879102,4.198991968341307,3.4449859354526846,2.639091813583503,3.5376048790268775,0.2274702116502318,1.8831949982887424,24.08253541678387,39.398032192832,32.38268549723498,15.315496776048128,3203.578,5.950118755495468
B0005,64,24.0,1.663716375981405,4.197785116892181,3.467467091298206,2.6857210282450983,3.538422485261741,0.2244563950317913,1.8764452364443795,24.428816535813286,39.10678394120843,32.30899951427637,14.67796740539514,3195.125,5.911338927626321
B0005,65,24.0,1.659013868748246,4.201331130571617,3.4717300013545747,2.69017866510873,3.53928626988912,0.2237217691429451,1.870973160299051,24.3288116844709,39.44448954135193,32.56636929496717,15.115677856881028,3195.312999999994,5.89685591950186
B0005,66,24.0,1.6538540573335014,4.199339974904826,3.466070335739485,2.639895313359579,3.533690170241391,0.2284155018484487,1.8705690143479228,24.13396954428516,39.509602016775695,32.46542951751835,15.375632472490532,3186.297,5.870096594650038
B0005,67,24.0,1.642653782130131,4.198916244859707,3.485289154748911,2.68991452927918,3.534367734544495,0.2240112856380017,1.8640262698477292,23.980294072799666,39.33486536224533,32.347056454418095,15.354571289445666,3176.438,5.829762731653808
B0005,68,24.0,1.6378578430223698,4.198537488587242,3.4800221711184434,2.65935818848874,3.5312941932103548,0.2270920459202185,1.8637043892758265,23.975074779018826,39.43723270017243,32.37153894064616,15.462157921153604,3167.593,5.808391755451784
B0005,69,24.0,1.6327350407099108,4.198943932259475,3.4875727291181726,2.6657030585650423,3.5309134771684274,0.2267451154884145,1.857873177974908,24.03839834090525,39.51375235624076,32.45549347979197,15.475354015335508,3167.719,5.789430024450004
B0005,70,24.0,1.6277528915533617,4.199579806494986,3.4845831403089607,2.642986759012803,3.5287226893409893,0.2292703535960907,1.857254341211984,24.08228910360418,39.60170302810528,32.50017194695606,15.519413924501098,3159.077999999994,5.7687751891219845
B0005,71,24.0,1.622125485521159,4.198782234828033,3.4840044121584226,2.6311169118893036,3.52625493581969,0.2307324709807415,1.8568772359904624,24.043611031076775,39.687463597582074,32.50100298369444,15.6438525665053,3148.829,5.744812143134751
B0005,72,24.0,1.6113256603765849,4.19910517813207,3.508463137681321,2.696157404617167,3.528684324337005,0.2247705585097621,1.8449420023406091,24.00795354679432,39.53535075538898,32.4728927422438,15.527397208594664,3149.094,5.708751046256081
B0005,73,24.0,1.6065631397488385,4.198510853141954,3.5037872856177814,2.6667596238241567,3.525556939424901,0.2277989515876497,1.8444613866204569,23.99346277596251,39.6502371632164,32.50480154634882,15.656774387253892,3140.547,5.687433106523193
B0005,74,24.0,1.6015142233917594,4.198732430468704,3.500128756881619,2.6403185448373043,3.5226805646793737,0.2305058404755205,1.8439309256979095,23.98660963888346,39.69929058154853,32.51218336210202,15.71268094266507,3131.625,5.665526443449772
B0005,75,24.0,1.590369231400328,4.198799630396931,3.517670766414221,2.69892986372897,3.524673458789008,0.2255461479342319,1.8371650795865604,23.92821519902996,39.56076309770468,32.45692821941515,15.63254789867472,3121.907,5.62737818695699
B0005,76,24.0,1.5857889968242211,4.198753541225669,3.5174486086806094,2.6682466504352993,3.5213155754526824,0.2283826127026775,1.8316434831262065,23.87875402701119,39.63708096307912,32.447059186431154,15.758326936067933,3122.125,5.6065200687401715
B0005,77,24.0,1.5849430707374117,4.200309982421394,3.516013267212138,2.6479207279724903,3.51803386486462,0.231178723168512,1.8311750591767433,23.91102327504336,39.43977047692484,32.32889654966259,15.528747201881483,3121.672,5.598269430363256
B0005,78,24.0,1.5955263892495937,4.201124089732316,3.496983701999225,2.6741633856529066,3.5236841955396794,0.229177960034919,1.8433261115953905,24.47294963967077,39.83902225625451,32.84488475360107,15.36607261658374,3120.86,5.646277397940908
B0005,79,24.0,1.5747301747801037,4.198150316653697,3.5202208637731656,2.6892528956736257,3.519146638240667,0.227199705904542,1.8298408761937657,23.823313591520908,39.41794949618613,32.31731555011648,15.594635904665225,3103.828,5.563177599625904
B0005,80,24.0,1.5649019950937946,4.198524048997099,3.5292256839082072,2.688809122993162,3.516233648608237,0.2273324183483178,1.823708460193854,23.405971076202263,39.262781682151214,32.06376130177751,15.85681060594895,3095.094,5.522846592484249
B0005,81,24.0,1.5597659473370362,4.198840869468569,3.5307259447794728,2.6743555987897745,3.514773138461639,0.2284721001606275,1.817724028671904,23.506583211337613,39.47237839941986,32.21997626855924,15.965795188082248,3095.781,5.502999626339016
B0005,82,24.0,1.5594815668184234,4.198119631667182,3.521290948363061,2.6430294964336345,3.5132992979150073,0.2314217062849809,1.8179607964048696,23.986241979219916,40.03754146951368,32.7120225448885,16.05129949029376,3094.328,5.50157399112545
B0005,83,24.0,1.55468935359061,4.198320288264955,3.5235359008769405,2.6584858447131823,3.514484830704665,0.2306075996259379,1.8172828219040265,24.332016492731967,40.142730162011574,32.945022147355694,15.810713669279608,3086.531,5.486394938692131
B0005,84,24.0,1.5488741079890418,4.1980467610750285,3.5255241756932247,2.629782173759164,3.5109677353595243,0.2329526759800367,1.8110596769358045,24.21167795659843,40.1165626728546,32.857549597381336,15.90488471625617,3085.625,5.460410060075624
B0005,85,24.0,1.538236598942558,4.199047008209673,3.5348337871327056,2.6622967647315545,3.5109358749578012,0.2307329830817022,1.809523960162879,24.000428061078125,39.87503330866132,32.629663328789654,15.874605247583196,3067.203,5.420822486326577
B0005,86,24.0,1.527914258251028,4.197669918520713,3.5459029204528467,2.682380966742509,3.509393098217416,0.2288570136594319,1.8026791040807892,23.66809609847637,39.61961987024145,32.379859014262976,15.951523771765082,3058.157,5.380457782613523
B0005,87,24.0,1.5285252629756445,4.197600624105256,3.536266004226858,2.6401894768922713,3.5066782411556563,0.2324429087783303,1.8032065293561197,23.85390035974786,40.067324667444815,32.68215852457039,16.213424307696954,3058.812,5.380485141688906
B0005,88,24.0,1.522647325284378,4.197985718630326,3.5468067055591166,2.693769409137257,3.5109885623008092,0.2279824823099926,1.7966214118109365,24.243768997381085,40.24716716520102,32.99387423636739,16.003398167819935,3058.578,5.365015925957814
B0005,89,24.0,1.5174859938489869,4.198164128530042,3.5480287197333853,2.695787450704935,3.510305462695178,0.2281087434098021,1.7960332728517658,24.30453859448875,40.30253125568348,33.045397072111655,15.997992661194733,3049.328,5.345596017946124
B0005,90,24.0,1.605818899130659,4.222920057935785,3.5250502230997873,2.6920548172137724,3.522221531485022,0.2345502488144419,1.822944713643187,24.116835091267607,40.09418103142496,32.856295641052824,15.977345940157353,3177.219,5.679568548293074
B0005,91,24.0,1.5638491446744425,4.200423045909808,3.494044837570843,2.629071246219689,3.5163492154331264,0.2342514069587574,1.829471021642331,24.72670353176169,40.52238496316615,33.33950238056361,15.795681431404455,3082.937,5.525941928043904
B0005,92,24.0,1.5480915247767786,4.198372063670128,3.5100418364837593,2.631343871050918,3.5134397623234963,0.233380165286286,1.8163541106104557,24.73538913848975,40.56886357314186,33.35156485472646,15.83347443465211,3074.266,5.464433733305601
B0005,93,24.0,1.5323755631868592,4.198353213898968,3.5359247595765018,2.6983970036642315,3.515137522009075,0.2272428580756852,1.8034084947236912,24.501974007826995,40.27804845768325,33.147486361012966,15.776074449856251,3066.0,5.408053847919241
B0005,94,24.0,1.5269528268489705,4.197873789078739,3.5293508069521953,2.6338485871981514,3.50830390643132,0.2331667808997218,1.802740304063689,24.26614354111412,40.2921849196155,33.007275861749356,16.026041378501382,3056.437,5.379735580805939
B0005,95,24.0,1.5169573017136326,4.197955644238241,3.5418570338179896,2.671566207861818,3.509190808443004,0.2298351205591367,1.7959087273263283,24.1488106351578,40.184384347174266,32.91990812745461,16.035573712016465,3048.219,5.343712443595246
B0005,96,24.0,1.511897596014269,4.197918434710392,3.540101144510816,2.6540810507928123,3.5068097579555353,0.2317035993739233,1.795435245909757,24.208608644018938,40.320066232195046,32.99903328622305,16.11145758817611,3039.218,5.322789812727107
B0005,97,24.0,1.5065638960681105,4.197739340034368,3.5453082349601677,2.656849703962618,3.50609090727422,0.2314152977627636,1.7893867442508242,24.228213693022468,40.336505612651585,33.03772281691292,16.108291919629117,3039.047,5.3022549626548106
B0005,98,24.0,1.5015453526671363,4.19785490446139,3.543070358154518,2.6363048614501152,3.5037157727265953,0.2334502533155451,1.7884515415769178,24.259335333982396,40.43267631588412,33.07740307192613,16.173340981901728,3030.375,5.281445667710866
B0005,99,24.0,1.4908444050400238,4.197306756122815,3.5580353781991203,2.69951692300468,3.5067479961367156,0.2278216639829029,1.781604258694686,24.228985806758885,40.314538591575015,33.05467981523988,16.08555278481613,3021.0,5.24532040443018
B0005,100,24.0,1.485868384561201,4.197528212001444,3.5619975525663654,2.698216006032282,3.5058813026542324,0.227984522444182,1.7753188621341638,24.27409668200787,40.386661855917744,33.11570360624461,16.112565173909875,3021.75,5.226254316365284
B0005,101,24.0,1.480413677976106,4.19743662221161,3.5617346249744624,2.6911707598773864,3.504168333530808,0.2288775444027308,1.774316365086602,24.263811999299513,40.43384612547835,33.12942148982364,16.170034126178834,3012.265,5.204421249927886
B0005,102,24.0,1.4752095869031632,4.197717228550219,3.5627431724748324,2.690162319231471,3.5030568931470634,0.2292650522729736,1.7739323101229758,24.253757559853845,40.44479269068758,33.130681310493344,16.191035130833733,3002.641,5.184214862199954
B0005,103,24.0,1.4859035988304024,4.192454851360723,3.544836812063795,2.6355034454892072,3.4982324882487936,0.2331957362920639,1.7809908306486095,24.344257833007873,40.58499656066617,33.20069210329718,16.240738727658297,3012.0,5.217622076722036
B0005,104,24.0,1.4960918298136696,4.202845001527377,3.5358343175174807,2.6594753656507684,3.5065859365661325,0.2327793636251861,1.7879638259714314,25.05822714016358,40.99869158762305,33.78697527817091,15.940464447459467,3020.11,5.268265429268696
B0005,105,24.0,1.4808005946928984,4.197952808231904,3.544628258601667,2.644554999824577,3.501457140697961,0.2335250205477887,1.780299388544082,24.85067433400367,40.997807625227495,33.673365085761986,16.147133291223824,3002.172000000006,5.205237376265943
B0005,106,24.0,1.4697543268466824,4.198017952345714,3.556359815036754,2.6719601666204564,3.501658387162809,0.2310936543774782,1.7731170790561723,24.688453043463287,40.84213757482493,33.53581811831714,16.153684531361645,2992.703,5.164275378558237
B0005,107,24.0,1.4539012274845928,4.192162800008929,3.5574151609154883,2.6598211033173382,3.4966186408455298,0.2312311484294728,1.7707046619097415,24.444236533813477,40.69012464267011,33.32269982188509,16.245888108856636,2964.468,5.10074321994847
B0005,108,24.0,1.454146206723569,4.196993378341778,3.570394142327151,2.688360455508818,3.4991645719433246,0.2294777187989595,1.7601011563823776,24.382815275144992,40.69938049882204,33.346230327490304,16.316565223677046,2983.375,5.103266358770504
B0005,109,24.0,1.455023751906683,4.197603515102162,3.5576975634324772,2.6376728619288525,3.496080777360074,0.2342679360166439,1.7656363959382295,24.71534698579929,41.06026204078849,33.64948900485925,16.344915054989198,2975.297,5.104470685434933
B0005,110,24.0,1.449042163761236,4.196406678544622,3.5621145720736376,2.645120521151077,3.4959014526387993,0.2334336475422632,1.758865606625853,24.851431185422516,41.19696040482682,33.79269513542102,16.345529219404302,2974.9850000000006,5.082670664301841
B0005,111,24.0,1.4386709371480566,4.197098662004674,3.576830514745812,2.698012437629632,3.497586979902671,0.229142139192038,1.751716130368936,24.593120256300985,40.84446688602949,33.52446663707275,16.251346629728502,2966.25,5.04523279959342
B0005,112,24.0,1.433445432156979,4.196909312093871,3.5772132537111867,2.6928942772989077,3.4956989619989507,0.2296125408087406,1.751329545286535,24.385017614303333,40.764203830749366,33.39042251934235,16.379186216446033,2956.359,5.023804004912511
B0005,113,24.0,1.4333958900838095,4.197105220217278,3.569684885614067,2.6483923655058113,3.492875380810072,0.2334116463244922,1.7512146419396462,24.645152954522295,41.11212504270441,33.67370212742761,16.466972088182118,2956.344,5.02144565611644
B0005,114,24.0,1.42806487344776,4.196244829545076,3.5763051299071056,2.6832134764261997,3.49551076423368,0.2302632037460925,1.7446714395475946,24.932873139487384,41.27256611507568,33.91080564765892,16.3396929755883,2956.406,5.005302837423023
B0005,115,24.0,1.4229203181741186,4.1968026018066595,3.5780032001762248,2.684960445221862,3.4942333590450834,0.230515957734019,1.7436703980732875,24.804993137086292,41.15574924454392,33.7850680599871,16.350756107457627,2947.266,4.984921553651983
B0005,116,24.0,1.417429032731308,4.196227405416926,3.5782529159417336,2.669922120529456,3.491197414255986,0.2319251590229384,1.742586639640644,24.578577776974136,41.03237216951879,33.61126807392732,16.45379439254465,2937.984,4.960907056314797
B0005,117,24.0,1.412409228794446,4.196558172556389,3.57952648091485,2.664105530655056,3.4889094081576237,0.2325529031117027,1.7420413740670528,24.357810301716302,40.937269906716935,33.45598581472246,16.579459605000633,2929.125,4.9397663764946245
B0005,118,24.0,1.412578792940193,4.196870541112335,3.573309098710338,2.634098605983684,3.487376295811431,0.2350213275320319,1.742181032221019,24.616751003686066,41.240704611971786,33.723267448788484,16.62395360828572,2928.454,4.939588757711991
B0005,119,24.0,1.4075983731469897,4.196795527524874,3.5808535254697578,2.68378702970616,3.491994243745711,0.2307179160200798,1.7358994681512463,25.029278052079956,41.43649987692296,34.050076369857344,16.407221824843003,2929.375,4.927526316326989
B0005,120,24.0,1.4333920485221476,4.189287343772767,3.5558917253318874,2.660031949282934,3.491585878898649,0.2314340526179757,1.7568416780989415,25.159494190646395,41.16703904201915,33.889346908026745,16.007544851372753,2946.031,5.0220914614444885
B0005,121,24.0,1.4382550176792908,4.201144545237731,3.551885409283692,2.650011641082063,3.495576227046425,0.2339736707676502,1.7573416780114148,25.21215090210571,41.36216559728765,34.067648550088656,16.15001469518194,2955.438,5.046349223778607
B0005,122,24.0,1.4173547174485526,4.196925753814179,3.5736151200402326,2.6936969083341418,3.4938988589692483,0.2295440572633406,1.7428335857439643,24.852009021918743,41.02198772703674,33.75168100943646,16.169978705117995,2937.625,4.965911562249644
B0005,123,24.0,1.406981663677643,4.196901090271507,3.582249809980573,2.697073130067154,3.49159162968384,0.2293288145942056,1.7353504197544476,24.475953784901723,40.78818812957494,33.46482299584788,16.312234344673218,2929.078,4.92402835807867
B0005,124,24.0,1.4012037783587623,4.196688955833435,3.5821071034262646,2.6806995515145213,3.4885729299834787,0.2308795387800195,1.734492159826255,24.345219404030782,40.81506138506309,33.40210697922146,16.469841981032307,2918.375,4.89926583541915
B0005,125,24.0,1.3967008232726328,4.196339302740304,3.5845442528815368,2.6695398084864568,3.4869021151089825,0.2317200968216318,1.7281729028527344,24.326630542911904,40.858374219876424,33.410688917712235,16.53174367696452,2919.812,4.880795759144988
B0005,126,24.0,1.391284788852726,4.196181412764837,3.582997063524048,2.671695307817951,3.4855485210036417,0.2320368945792356,1.7327380581794602,24.280281649900346,40.839876773287166,33.38984948261314,16.55959512338682,2900.422,4.859842275843864
B0005,127,24.0,1.3862287677978349,4.195770804194879,3.585576080990165,2.661289185949965,3.4838912547260388,0.232594706839208,1.7261256572869232,24.239023397259928,40.85376069244676,33.3700433438796,16.614737295186835,2901.375,4.839005937424471
B0005,128,24.0,1.3804366761974138,4.195456241846729,3.59109083848252,2.667817533540102,3.483198941484065,0.2320093486771037,1.7195921297098775,24.12349712975845,40.74795214258888,33.27215987470977,16.624455012830428,2901.187,4.816395070393216
B0005,129,24.0,1.3752364150256224,4.19654355365607,3.594060583971402,2.684008069130594,3.4836274447098883,0.2309975768994666,1.7186729733031645,24.053006415445992,40.68794001196382,33.222444215660225,16.634933596517826,2891.64,4.797910909259677
B0005,130,24.0,1.3705128024895008,4.194357133255019,3.5911079597852744,2.6585256208771644,3.480172442538601,0.2328888860424913,1.7177612585976263,24.06286320276633,40.7810749453613,33.26207748383125,16.718211742594967,2882.906,4.777249741229466
B0005,131,24.0,1.37050855662704,4.195863681881766,3.5888120102866528,2.6372250579822927,3.478452148610975,0.2349115652478485,1.7177329322613766,24.086387020526896,40.88159339768709,33.312029905516525,16.795206377160195,2883.265,4.775272397477444
B0005,132,24.0,1.3647355108681518,4.1955845546644195,3.5942147923006207,2.6514257735606432,3.4785782556105507,0.2337161311459613,1.7110353118434487,24.009281472194747,40.81191473576834,33.25287943255863,16.802633263573593,2882.969,4.753877212610102
B0005,133,24.0,1.375392016895762,4.186574613062876,3.5833415219285625,2.676384659108382,3.4825195584604582,0.2299670056547322,1.7185210755483786,24.719545529723796,41.11793533148924,33.745054045019884,16.398389801765447,2891.656,4.79961220207709
B0005,134,24.0,1.3861115151535393,4.200346502821317,3.5804307189370586,2.6949138502817815,3.4886823636752826,0.2305166507714859,1.726125961990839,24.843079939814473,41.248795355864885,33.88841975386692,16.405715416050413,2901.25,4.846826814816759
B0005,135,24.0,1.369850003583894,4.1981749992980655,3.592441816132449,2.6973343716306273,3.4858502383832755,0.2296898747617819,1.712088572990876,24.581003847390768,41.16242984455477,33.7353756996425,16.581425997164004,2891.703,4.782827602953771
B0005,136,24.0,1.3647827949260758,4.195715092938243,3.589331565362288,2.642540259937964,3.478794177297151,0.2341576664677154,1.71106364626804,24.340286688400784,41.16437554618679,33.59131052719714,16.824088857786005,2883.016,4.755795379810914
B0005,137,24.0,1.3543220466259964,4.195755769877104,3.6022883230364853,2.699226257883075,3.4812826020756744,0.2296261723890385,1.7035375089466078,24.03013803682012,40.864216180205034,33.32366688599416,16.834078143384914,2873.453,4.719067232143142
B0005,138,24.0,1.3546417018378962,4.195911764444989,3.59702121364665,2.676480329780849,3.480352041587074,0.2313507672371101,1.7036071702962703,24.401718287950963,41.25434553511566,33.691961507697364,16.852627247164698,2874.031,4.720665458231768
B0005,139,24.0,1.354703921319241,4.195824004004723,3.592312208409236,2.642142168479886,3.4781127815565127,0.2342151364439594,1.7035685717882711,24.647812199908287,41.45023191903855,33.887639684793655,16.802419719130263,2874.234,4.719115955034918
B0005,140,24.0,1.349314997503458,4.196258226051591,3.5955001194302834,2.644725254926797,3.4765867130506125,0.2343390483658449,1.7024649079473726,24.40715882292003,41.27708509224051,33.67308060941856,16.86992626932048,2864.984,4.696913397382726
B0005,141,24.0,1.3441891937970554,4.196612664794988,3.5968234611620575,2.632270655366611,3.4733769291841643,0.2357464633242318,1.7015205789200152,24.071743981632668,41.06460515498328,33.411988203265814,16.992861173350615,2855.093,4.673992832132636
B0005,142,24.0,1.3389913790695755,4.195850781215982,3.6018356753071044,2.6391006118876117,3.4726366397371136,0.2348389817175472,1.6950971191972488,23.873389284419225,40.99284868101728,33.29926524979532,17.119459396598053,2855.625,4.65322664909048
B0005,143,24.0,1.3389145230206971,4.1960023929619235,3.599344813796693,2.637841830893275,3.473439372740961,0.2347983138357648,1.695138165799957,24.1748787384492,41.29040553417739,33.59980731390034,17.11552679572819,2855.594,4.654886762982607
B0005,144,24.0,1.3340066759761655,4.196207586734141,3.6035790390364575,2.668286095904868,3.4754777099091454,0.2326856456592287,1.6938434166682603,24.28632352426044,41.22740227746052,33.61961195858585,16.94107875320008,2847.437,4.639183381608167
B0005,145,24.0,1.3286444309174914,4.195534582569042,3.605860961214576,2.6490198126838553,3.4722884821666766,0.2341041725672906,1.6870685008325677,24.01310273031714,41.04619550953222,33.3945201718652,17.033092779215078,2847.36,4.615293273324765
B0005,146,24.0,1.323170899227622,4.1957439573980455,3.6105078495292338,2.664058512378051,3.471373665098864,0.2333466969440909,1.686176897624517,23.715060546682704,40.85874389007758,33.16734508187535,17.143683343394873,2837.328,4.593397922635682
B0005,147,24.0,1.3181691588445197,4.19586805747139,3.61626290751396,2.6883611693898826,3.4726160162875095,0.2313300011614801,1.679631387412014,23.57702261502623,40.79196924883506,33.10962161613893,17.21494663380883,2837.281,4.575873731653438
B0005,148,24.0,1.3184664436640334,4.195347750909715,3.613479485589363,2.6869753836302124,3.4738146874457896,0.2310717956383346,1.6799130549815409,23.959878308016872,41.14127834456325,33.46501751186519,17.181400036546375,2838.515,4.5796484992476945
B0005,149,24.0,1.318293040102702,4.196065828878837,3.607069040532739,2.6507536817766586,3.4701426486639693,0.2343349904722685,1.6852915714728478,23.967802824849823,41.14429319149828,33.4426191014044,17.176490366648455,2828.328,4.575742383103892
B0005,150,24.0,1.323872422244268,4.184534803011309,3.602312680677842,2.6646322789106516,3.467523652225441,0.2299310431457854,1.6864392611782657,23.59435393515375,40.66184230912503,33.037928170775885,17.067488373971276,2838.265,4.591918126979543
B0005,151,24.0,1.3601216766554785,4.201240476440081,3.5779277610645233,2.6400211837268666,3.4767525840839255,0.2354036411320432,1.7159024738365054,24.23768156950587,41.04669454497069,33.4949493613756,16.80901297546482,2864.547,4.7386159499431155
B0005,152,24.0,1.3395306867947354,4.195703567262997,3.593974644865168,2.674198661305034,3.4758956827369127,0.2314145023564492,1.7008216421492013,24.167374158398008,41.0462053156659,33.491363029025784,16.878831157267893,2846.39,4.661445466006963
B0005,153,24.0,1.3290286565120697,4.195744519551191,3.60427474021818,2.696427051131168,3.475812179626641,0.2298286633088004,1.692959623824647,23.987394863111092,40.8683026432256,33.329808599922345,16.880907780114505,2837.969,4.621676220581529
B0005,154,24.0,1.3236741274998955,4.196363050482315,3.608769672096698,2.6928340297696836,3.4746554404904435,0.2303410490299951,1.6862374025220268,23.876504321833465,40.85283588259973,33.27302769298771,16.976331560766262,2838.156,4.60009947781392
B0005,155,24.0,1.318633896753293,4.1957929878569455,3.6093877067067006,2.681747855329962,3.472301781313945,0.2313572835146948,1.685131143949628,23.800482246729,40.85270645265791,33.229879126701434,17.052224205928912,2829.843,4.578908952211672
B0005,156,24.0,1.3134751321324272,4.195797286482793,3.614933900308572,2.696791414385091,3.4729305773503527,0.2300922714371363,1.678558960713055,23.75244046991811,40.8263251809212,33.20860833999321,17.073884711003092,2829.625,4.5601627455345985
B0005,157,24.0,1.3132020634442203,4.196349384378125,3.609023225479784,2.664695973142795,3.4696192030612285,0.2331464644258439,1.6840474088907802,23.770683336009036,40.90308836809665,33.236115055926255,17.13240503208761,2819.437,4.556156460489332
B0005,158,24.0,1.3077959946944353,4.195609431921248,3.6143313479608823,2.679191623358613,3.470018470757559,0.2319010543734744,1.677449503040883,23.69874029857621,40.84337405460518,33.18660088296571,17.144633756028966,2819.579,4.536387367994077
B0005,159,24.0,1.3030329186405918,4.195339917236225,3.61782445722146,2.699983457940659,3.470762691935286,0.2304156716587069,1.6764769465467926,23.681325932299053,40.81792110626284,33.174058099115534,17.136595173963784,2810.672,4.519646105396642
B0005,160,24.0,1.3033573559038203,4.1954020570061195,3.6130872104738954,2.666300786624286,3.468111467035994,0.232919708838876,1.6763557084011529,23.75348711820252,40.946993847659506,33.253984518546055,17.193506729456985,2811.485,4.5183329173831925
B0005,161,24.0,1.3034100438655642,4.195685302232799,3.6070395495118257,2.6308501373847837,3.46486257802215,0.2358919511891503,1.681903812546276,23.791068115787706,41.07493805830632,33.3198093248819,17.283869942518617,2802.422,4.515710618127538
B0005,162,24.0,1.2978870806495706,4.195561297751176,3.61490941179153,2.673348140468748,3.467864133752208,0.2326319085826406,1.6751538331374711,23.837597031961703,41.02476444658572,33.33765795318198,17.187167414624017,2801.625,4.498416000540264
B0005,163,24.0,1.2980735056918902,4.196066962029683,3.6109037542764746,2.632763831012711,3.464021404592563,0.2358468286065868,1.6753870332687708,23.75127102411842,41.06214198725253,33.29076744042025,17.31087096313411,2802.031,4.495092195696157
B0005,164,24.0,1.293463613844243,4.196640912532072,3.615560501886754,2.6687371180046218,3.4664623858156745,0.2333268815865849,1.6745175551626736,23.741424141669572,40.98366325567302,33.27568841807217,17.24223911400345,2793.39,4.480587160854472
B0005,165,24.0,1.288003392619118,4.1956235749123225,3.621191032853697,2.696396337945361,3.46850906693551,0.2310130188837716,1.6675147261111667,23.80397851847974,40.98234242711097,33.32067807371405,17.17836390863123,2793.39,4.462561539360953
B0005,166,24.0,1.2874525221379407,4.195862008850563,3.619185104906403,2.679483486292519,3.466806213058136,0.2324429767597101,1.6675463612314736,23.849121770252687,41.06375085817118,33.37314972896719,17.214629087918496,2792.485,4.458954972949582
B0005,167,24.0,1.3090153642307354,4.18482689434833,3.5953649734437896,2.6787137407179737,3.471070722008039,0.2297938191642851,1.6889369086237116,24.93410482186201,41.047029587744966,33.71351889594897,16.112924765882955,2802.016,4.547121975075507
B0005,168,24.0,1.3250793286429356,4.201968615940368,3.5899373887616655,2.655378369801326,3.475472204020004,0.2355928568279962,1.6980469256755544,25.09329713312876,41.051007697556734,33.86531768239223,15.957710564427972,2820.39,4.6112125267366455
B0006,1,24.0,2.035337591005598,4.179799607333447,2.4757677568281857,2.4757677568281857,3.556946061827572,0.2260193210975841,1.9905377543149845,24.277567510331888,39.16298653238707,32.142777859921516,14.885419022055183,3690.234,7.259532673353608
B0006,2,24.0,2.0251402460314116,4.177288238505559,2.35152551190002,2.35152551190002,3.56147580138708,0.2314150428972292,1.9902775421457088,24.648610618159957,39.2462026826329,32.29307515705474,14.59759206447294,3672.344,7.233468610780376
B0006,3,24.0,2.013326371345464,4.177795470598289,2.4404797151065436,2.4404797151065436,3.5667524696413215,0.2235489609002163,1.989946784896386,24.704057719023776,38.999202460252846,32.24414709253608,14.29514474122907,3651.641,7.2024172506399236
B0006,4,24.0,2.0132846655407413,4.178370492084649,2.4791558539003917,2.4791558539003917,3.5687953371516272,0.2209790874208208,1.989602970671957,24.65050310045608,38.843627771866515,32.14711742429942,14.193124671410434,3631.563,7.165866619640587
B0006,5,24.0,2.000528337624771,4.178015652407259,2.280187848173442,2.280187848173442,3.563970503289941,0.2350350947520463,1.98954836065757,24.634206199911688,38.97798888258284,32.06687277315468,14.343782682671154,3629.172,7.151825619514958
B0006,6,24.0,2.0138990759931645,4.193216523251186,2.4392842568466446,2.4392842568466446,3.5735512387791406,0.2254790767639312,1.9901040351037365,24.343399604359956,38.83989920742278,32.03447836207717,14.496499603062826,3652.281,7.217636568934659
B0006,7,24.0,2.013101105626967,4.193679289189224,2.2812068449406446,2.2812068449406446,3.5711391343785897,0.2359700655161548,1.9900886222380376,24.43094638944468,39.04610837498471,32.11157496697372,14.61516198554003,3650.828,7.210316640128026
B0006,8,24.0,1.96878982627284,4.176826628115461,2.366410527029613,2.366410527029613,3.5681507462163036,0.2269030060742154,1.9891170520197212,24.650435471431692,38.87507521022778,32.112576242471775,14.224639738796084,3572.453,7.047530492990164
B0006,9,24.0,1.9681661764334244,4.1761685240208415,2.436020049578708,2.436020049578708,3.5692834155812436,0.2225588245195615,1.9892116643905464,24.564976908542672,38.7260539826455,32.03566207329278,14.161077074102831,3550.594,7.006928974989669
B0006,10,24.0,1.9572307917560536,4.176897989902666,2.1864377487643725,2.1864377487643725,3.563388513484579,0.2402526225604835,1.98919270453762,24.525434246680597,38.98629728904917,31.99527968872302,14.460863042368572,3551.25,6.997027828770137
B0006,11,24.0,1.9455991514129352,4.177579509962451,2.3406023605912454,2.3406023605912454,3.566658719765511,0.228752921643524,1.9891317699701736,24.412047639109403,38.65978861919643,31.874127571841353,14.24774098008703,3530.25,6.962031846687854
B0006,12,24.0,1.9347505044841131,4.177870678295105,2.4263021374140443,2.4263021374140443,3.568703597012284,0.2245021597962224,1.9887805507702212,24.666067568688486,38.84979195732924,32.120959708576166,14.183724388640751,3491.016,6.887138702095809
B0006,13,24.0,1.9232799539368028,4.176124493186459,2.4753697700007034,2.4753697700007034,3.569207084156356,0.2216105334001575,1.9887320866401277,24.83330258423449,38.75128344015104,32.11021168908644,13.91798085591655,3470.281,6.847354848477563
B0006,14,24.0,1.911889930948487,4.177784195345462,2.342364523655007,2.342364523655007,3.5659271296109383,0.2299104622684298,1.9887200290368632,24.630650095086025,38.76853764058789,31.98906127891815,14.137887545501862,3470.0,6.840713677434523
B0006,15,24.0,1.9010667141979305,4.1770625256786165,2.188400081882664,2.188400081882664,3.561241727064949,0.2403587697834046,1.9887874042287872,24.46191563928022,38.84686112344348,31.87881444863544,14.38494548416326,3450.297,6.793793461606307
B0006,16,24.0,1.8891989948061456,4.175489274573356,2.1206980945954057,2.1206980945954057,3.557881987836072,0.244523709215342,1.9885910895930397,24.268721113141215,38.8658897816528,31.7674507110244,14.597168668511582,3429.407,6.7456949265554975
B0006,17,24.0,1.878278372248849,4.177366324712495,2.369981457799298,2.369981457799298,3.56282437243777,0.2289925495882759,1.9884996811951432,24.35471815166853,38.647578733807656,31.78991634963658,14.292860582139127,3409.484,6.715428290172565
B0006,18,24.0,1.8675697161520208,4.176354539745044,2.247991649924625,2.247991649924625,3.559195328016863,0.2362539061879907,1.9883511225658228,24.38425903160567,38.79218188173866,31.82883467218067,14.407922850132987,3390.422,6.671003147341871
B0006,19,24.0,1.8675892574453767,4.177126477703333,2.8844463698113665,2.4115317107898875,3.5580906165580983,0.2324882160525024,1.9774549866256104,24.4658726504316,38.77022223929529,31.890449470827843,14.304349588863694,3390.281,6.649157909557736
B0006,20,24.0,1.979626548250818,4.174584178175673,2.2033558468593775,2.2033558468593775,3.565899462157853,0.2366643556634363,1.9892449305971969,24.511611712923585,37.54320599748628,31.51177053595285,13.031594284562695,3591.734,7.081678004979797
B0006,21,24.0,1.9575499080884025,4.175224020262452,2.35887751155593,2.35887751155593,3.570814209348872,0.2257817183072902,1.9890474874073771,24.910587532936997,37.90362577530197,31.874488497680712,12.993038242364973,3552.297,7.012938248506369
B0006,22,24.0,1.9458150170787551,4.177217300859919,2.218672914041916,2.218672914041916,3.5666817833633124,0.2346094183364103,1.988682950523383,24.570068054017018,37.6701605139887,31.53911453638972,13.10009245997168,3531.578,6.963524813088768
B0006,23,24.0,1.9242461121680097,4.176514514202052,2.339723057947995,2.339723057947995,3.5668392745025836,0.2275721037589103,1.9885503931265136,24.22557390540734,37.34166959188387,31.220866832188783,13.11609568647653,3492.907,6.886787836432937
B0006,24,24.0,1.945981133142164,4.190007215931237,2.3997508208942735,2.3997508208942735,3.5710519693928755,0.2274735465135579,1.9885639445355097,24.03914598854637,37.28979017254232,31.119005145018026,13.250644183995949,3511.594,6.931312025188277
B0006,25,24.0,1.901407930553079,4.176973413125379,2.491410879472442,2.491410879472442,3.5666308474029793,0.2206872835029021,1.9880563928902784,24.01574359300703,37.16794481484507,31.033244078156734,13.15220122183804,3431.937000000006,6.764569545110992
B0006,26,24.0,1.878674213680085,4.1734521552365464,2.7669269890921613,2.1387303309558976,3.5527392240854914,0.247611408661123,1.9772969675547487,23.903813428150546,37.51577848501052,31.001249222460967,13.611965056859976,3431.125,6.718419901668035
B0006,27,24.0,1.868306132826422,4.176098578619343,2.8356128467177313,2.346064498302046,3.5560959755046615,0.2350474792446774,1.9771693646864963,23.81688709830912,37.24165964092258,30.921434744041356,13.424772542613455,3412.406,6.688005446379005
B0006,28,24.0,1.8560244070083,4.17626102066065,2.9283946351511094,2.327337743316428,3.5504500858303394,0.2406067659878123,1.9660409689641989,23.762584263292904,37.27233216178077,30.929360248207217,13.509747898487865,3410.688,6.640085200741396
B0006,29,24.0,1.8451997961855775,4.172854589872979,3.077114957598757,2.4863117233366316,3.546007083640312,0.2354492688492975,1.9446151093535715,23.77792764216909,37.207134503019795,31.00810965793079,13.429206860850703,3410.718,6.563769597032893
B0006,30,24.0,1.857228890885317,4.1881878017349035,2.819560586845831,2.2921663510920895,3.554257954720065,0.2427128625572547,1.976935302370276,23.76566779571611,37.49607769896255,30.96779499306422,13.730409903246445,3392.719,6.645030700311289
B0006,31,24.0,1.9247760889090637,4.189801024289883,2.434300686181212,2.434300686181212,3.555857469677978,0.2207853625694854,1.9997552547832569,23.745511474786845,37.250073961181094,31.10097217303459,13.50456248639425,3470.672,6.858742333318888
B0006,32,24.0,1.8822317526092551,4.186947861426474,2.9187757391682454,2.472619908000758,3.5537306734803207,0.2236896583668776,1.988435645814164,24.195720581098644,37.39699052067588,31.307368922041046,13.201269939577234,3414.109,6.717291283849604
B0006,33,24.0,1.855276687885587,4.186434538254801,2.973956908852585,2.403422072720937,3.5452650003621513,0.2321533209925861,1.9771310999966945,23.97347780130266,37.2852066420257,31.13133998716456,13.311728840723038,3395.219,6.631043625317636
B0006,34,24.0,1.8392508917181876,4.1876767977261,3.0334333724088656,2.4006679782182205,3.538408778928339,0.2362466707050809,1.9657121749650672,23.520157783193987,37.080390421974414,30.828713779105055,13.560232638780429,3386.0,6.566620456818436
B0006,35,24.0,1.8185396073994429,4.183948312348072,3.061692514035773,2.3194299432177345,3.5297688311332673,0.2439099480182485,1.954259908493909,23.52943289153009,36.98024266357476,30.761533072057244,13.450809772044668,3368.187,6.4829128009599115
B0006,36,24.0,1.8134770059567056,4.186703871962386,3.0864214480405137,2.3401731734980076,3.53006768404233,0.244307450843308,1.949064531708388,23.947667716448013,37.59874124546701,31.30305692941581,13.651073529018998,3368.266,6.467987223304602
B0006,37,24.0,1.7971018450305436,4.186404820230849,3.137787321824542,2.3829603510808774,3.5248882875629555,0.2437596038408747,1.9373603063774296,23.724670891624807,37.33680914521836,31.06432144678013,13.612138253593551,3358.719,6.403849764167238
B0006,38,24.0,1.7810046294120476,4.184538174451997,3.1501156392374963,2.351855540704836,3.5190926887152725,0.2466646374551047,1.931265607613736,23.509674105704786,37.39499820465976,30.96654665282149,13.885324098954973,3339.5,6.338750790738973
B0006,39,24.0,1.7710130422682329,4.186047633014145,3.1738920422499453,2.3535104841115886,3.5151810230271,0.2478316884589455,1.9254165161128032,23.25958800152568,37.35233964342659,30.82645569799297,14.092751641900907,3331.265,6.29760583116398
B0006,40,24.0,1.7604712448170945,4.186011762299764,3.1972071497430035,2.3948058223938364,3.514029112834162,0.2462039635221528,1.9198513516096092,23.41190207365984,37.58677381866742,31.080769482413952,14.17487174500758,3321.188,6.258739634429371
B0006,41,24.0,1.7502913788006589,4.185653001522096,3.227568458837217,2.44188584443803,3.514139684003936,0.2438026290293721,1.9087413975281489,23.993875243611917,38.20704456989347,31.694287817425337,14.213169326281552,3321.844,6.225215277391308
B0006,42,24.0,1.7394925037732578,4.1849954235358595,3.2308580821504327,2.391848815367812,3.509578354212467,0.2482268101265912,1.90276801874341,24.22543912747929,38.340431886092745,31.875581783696685,14.114992758613454,3311.828,6.181350631805279
B0006,43,24.0,1.7546766553637203,4.17548998383201,3.199633267433362,2.3166154227865463,3.5110708693292705,0.2572766067465748,1.9093310200805391,23.931600807664452,38.521539672721865,31.543288143901563,14.589938865057412,3327.391,6.229024305427443
B0006,44,24.0,1.7659390941842177,4.191559316475808,3.1898103242112006,2.4110989960643794,3.5159179315855056,0.245985218555182,1.9306457089007387,23.801856485719824,38.03707160241571,31.420983409991024,14.235215116695883,3312.078,6.277252504305007
B0006,45,24.0,1.7337887419624838,4.185418639744681,3.2499622126804124,2.4510125175432287,3.505853407270779,0.2443116740829718,1.9071188100787415,23.325044766777037,37.93428568772059,31.15837149963786,14.609240920943552,3293.172,6.150198549282981
B0006,46,24.0,1.713325912040734,4.183921653715496,3.276178621777498,2.471216186082459,3.5010379345914444,0.2435154606775505,1.895357624914609,23.22751550921504,37.88470784051604,31.15661421699882,14.657192331301005,3275.328,6.071234224049486
B0006,47,24.0,1.7024077813673466,4.185518250318115,3.2892337937863383,2.470968641396993,3.4974076626364967,0.2445959190290591,1.889289515930022,23.209671068204816,38.065368726791895,31.206611383963256,14.85569765858708,3265.016,6.027293235308151
B0006,48,24.0,1.82371946178183,4.1729165619005535,2.934951679828825,2.4288023941361625,3.5388872766749144,0.2309867758956905,1.981943619055728,26.602945710082057,39.788440481350335,33.61169282822636,13.185494771268278,3328.937,6.504119410839672
B0006,49,24.0,1.8081284050314708,4.186882269459454,3.0133583509832325,2.3551430866643166,3.5327430295356828,0.2418018875756491,1.9653354524512163,25.61136673829009,39.212903178007906,32.85630077141311,13.601536439717815,3329.266,6.446804092766897
B0006,50,24.0,1.7757610945034283,4.186537777937825,3.0981920097302105,2.365933525789291,3.521214759733266,0.2452054406792465,1.947074974419259,24.78851122180796,38.66937823121345,32.210981559158874,13.880867009405492,3301.579,6.317953284540139
B0006,51,24.0,1.7447409841836798,4.182242443277712,3.167346834112308,2.3481961394586457,3.5093111439506677,0.248638831497769,1.924171876472179,24.29903895658481,38.5170065164806,31.96509008165027,14.21796755989579,3283.563,6.1942812892745245
B0006,52,24.0,1.729207034132373,4.185747996173869,3.228685511716086,2.46945948630322,3.50716091973708,0.2424586650189987,1.9124874175496664,23.990117528547287,38.29250529949152,31.744801840189535,14.302387770944236,3275.125,6.135757389855395
B0006,53,24.0,1.7081086552553244,4.183575724123322,3.2595724548548413,2.4666715880697576,3.500928918686389,0.2430609784085709,1.895029520195036,23.99541497188152,38.52091685291118,31.876564068962463,14.525501881029658,3265.656,6.054235157069178
B0006,54,24.0,1.6975954237461768,4.184332281821813,3.2774199521442657,2.4482931262785135,3.4973019898820894,0.2453760679343642,1.8837083786913245,24.29775946583267,38.95436345473558,32.24289319481841,14.656603988902908,3266.093,6.013344143532257
B0006,55,24.0,1.6820634524029463,4.184698116905854,3.309541910489555,2.4745215382882586,3.4929038301187156,0.2438793645597097,1.8716858064147304,24.10547107270791,38.731363854696035,32.07305565938816,14.625892781988124,3257.594,5.951295826092729
B0006,56,24.0,1.6714768322295086,4.185835940524748,3.3229457962953464,2.469127855241356,3.488659224822318,0.2448974746562021,1.865490610984191,23.97620032331416,38.74827601131975,32.030140929891196,14.772075688005591,3248.593,5.906953289300361
B0006,57,24.0,1.6607591387047655,4.185426189138305,3.3268774953647884,2.4177173347922416,3.4822930804774015,0.2489494176128845,1.8592998515524075,23.824199676533382,38.84227056628921,31.984935871368258,15.018070889755826,3238.766,5.860045546935781
B0006,58,24.0,1.651121015038069,4.184463046346399,3.336400100467817,2.3775131079338427,3.477575664197982,0.2514916927324808,1.8481564914191075,23.94280357826721,39.221381996208315,32.23677365476226,15.278578417941103,3240.14,5.820727565447038
B0006,59,24.0,1.640134925619093,4.18451874454039,3.3562313241233728,2.443723814618984,3.4787436506489255,0.2474382290635301,1.8415790819015416,24.457646201133684,39.466510899162515,32.56097148037261,15.00886469802883,3230.109,5.7824622216409205
B0006,60,24.0,1.629199941616544,4.184454576919845,3.371466361383496,2.4324278256917147,3.4740152461288862,0.2478147664618083,1.8297907910631264,24.25292507931787,39.352653481724175,32.48984985901219,15.099728402406306,3229.7810000000027,5.736645120847621
B0006,61,24.0,1.6088496302961666,4.181070202610792,3.396018761698921,2.494085641889116,3.4718387718772696,0.2422602086439929,1.817104268059883,24.11448837545242,39.31890647034385,32.42612199208859,15.204418094891428,3212.469,5.660108913595565
B0006,62,24.0,1.6035244898969248,4.18244649645216,3.3938825218600814,2.382347172890769,3.463180130644551,0.2504181845874574,1.8111916679086204,23.92892683205548,39.47196886600465,32.29984271249387,15.54304203394917,3213.219,5.629170806755964
B0006,63,24.0,1.5989712144027983,4.1838203403042975,3.3978158698372107,2.406668297987779,3.463469391967206,0.2487915389344337,1.811311276437818,24.06285659837035,39.74009698783903,32.610757585145336,15.677240389468682,3203.578,5.613265378160054
B0006,64,24.0,1.5876273123575604,4.182425008087469,3.416423032732188,2.4204142690378765,3.46021805164007,0.2487212354561505,1.803806490743987,24.43764335025533,39.03600072360686,32.25699351958767,14.598357373351533,3195.125,5.565884051451249
B0006,65,24.0,1.5829719744686166,4.190985194174346,3.417549528683359,2.4507845245525193,3.462574876665621,0.2466133989346025,1.798249929118959,24.30184761147359,39.16106395962828,32.47193402838835,14.859216348154687,3195.312999999994,5.554078926631059
B0006,66,24.0,1.567137636713563,4.18162644626075,3.427505386148378,2.3930328819230717,3.4537077937586056,0.2484868200983083,1.78580087304261,24.11618953982896,39.20051799483514,32.40219271195367,15.08432845500618,3186.297,5.484852293943405
B0006,67,24.0,1.5613446139713882,4.183355970785126,3.4347508426334845,2.3938995980718403,3.4514035349888337,0.2488480181764858,1.7850805225230335,23.957906855391784,39.15878418316098,32.30987415652578,15.2008773277692,3176.438,5.459349243870988
B0006,68,24.0,1.551171189279042,4.1824452483280945,3.448198019924908,2.4373294683003053,3.450781146333252,0.2453130005434406,1.7785916660457872,23.96185609552303,39.18225956809825,32.35440526839345,15.220403472575224,3167.593,5.4210010856609046
B0006,69,24.0,1.5406741606295171,4.182585245365358,3.447136358493749,2.3705330061374523,3.446105572450592,0.249252351248828,1.7728172928176642,24.03193481551934,39.38159156766375,32.4731363791227,15.349656752144409,3167.719,5.396674282144139
B0006,70,24.0,1.5253138744624433,4.1774176000218946,3.455115440595922,2.351294851260762,3.4418152533277135,0.2487652105075045,1.760208614752248,24.054796737761627,39.44712875501599,32.52334649341759,15.39233201725436,3159.077999999994,5.336382318493199
B0006,71,24.0,1.5301570318067428,4.182951924778038,3.468023005179232,2.436845595522602,3.445008015985666,0.2447913717691086,1.765314527464367,24.004853828853747,39.40950590627068,32.518264823491045,15.404652077416934,3148.829,5.335865243491626
B0006,72,24.0,1.524656683447409,4.183258304762118,3.4711335972831856,2.39030487147494,3.441164687975023,0.2475013732087285,1.75938690367356,23.988223436593007,39.48443326993031,32.5437072434024,15.4962098333373,3149.094,5.311039208920565
B0006,73,24.0,1.5145492986655429,4.183170360974043,3.4883390886919767,2.4892160721496315,3.443620591429828,0.2406026011996966,1.752679461298328,23.974725686801108,39.4416762582387,32.56222309600736,15.466950571437591,3140.547,5.2757208998800795
B0006,74,24.0,1.509391504602082,4.183359256700765,3.4882264404681207,2.450611393803655,3.439943269617906,0.2431699821482146,1.7517143152603387,23.972186965592904,39.53866201326228,32.58978020040808,15.566475047669378,3131.625,5.252067186141771
B0006,75,24.0,1.5039974333050703,4.182909564093396,3.4877002346746275,2.4111946043456745,3.43602719305159,0.2455989171946552,1.7510543427437684,23.89672125029287,39.5867547936938,32.57089563557426,15.69003354340093,3121.907,5.227603531545398
B0006,76,24.0,1.4935201918040188,4.181939688146648,3.5019144212894115,2.4609139768640715,3.436309312279291,0.2415711613630848,1.738897832675072,23.848871479014186,39.499752884420865,32.537854347094196,15.65088140540668,3122.125,5.188705680877489
B0006,77,24.0,1.4876323024497422,4.18215985406311,3.506489883698507,2.378420264362521,3.430470227771154,0.2472853158271117,1.7386366169147272,23.87364854710166,39.9686395722832,32.65645090520509,16.094991025181542,3121.672,5.176852663340739
B0006,78,24.0,1.5302876214401704,4.189962701965466,3.4612712556588887,2.3844697219937414,3.4417311090871063,0.2506857548397359,1.787082486872537,24.45450229908833,40.42668250871336,33.180785234653264,15.972180209625034,3120.86,5.347694207569808
B0006,79,24.0,1.5040760088360112,4.181214475643097,3.49597974716647,2.448639661640692,3.4355429213552537,0.243845033223026,1.7612939709674549,23.814180429243,40.02451449021777,32.71220835503141,16.21033406097477,3103.828,5.2236271551117675
B0006,80,24.0,1.4887593608730894,4.181652803611802,3.495868232766142,2.362869757217078,3.4272336842373576,0.2487276936927746,1.7545734584319284,23.39341376051454,40.02167483360719,32.54394388900791,16.628261073092652,3095.094,5.176267519921574
B0006,81,24.0,1.4782779285546637,4.180127984409454,3.5168324777654205,2.479712742728869,3.4307536518687556,0.2398186898640942,1.7364714851989516,23.494929666684257,40.078211781584145,32.6655410721976,16.583282114899887,3095.781,5.122691134141608
B0006,82,24.0,1.478459982215684,4.182435253361705,3.5140805590225344,2.4609902569842412,3.430880434209888,0.2412584602938845,1.7371701742903365,23.948764926788748,40.565789328351094,33.160922870564626,16.617024401562347,3094.328,5.124880814442826
B0006,83,24.0,1.473214844899973,4.182970513713943,3.5179169265872945,2.4794507375590507,3.431984614031654,0.2403918787539756,1.735834373498019,24.305636072230342,40.75221353269305,33.414445545408455,16.446577460462706,3086.531,5.107751697673351
B0006,84,24.0,1.4675164935067897,4.182588389688278,3.51910167584515,2.421513989921717,3.426913589626702,0.2435331371976242,1.7297519223496336,24.16642252229391,40.71162611325717,33.3541679486525,16.545203590963258,3085.625,5.080220414114893
B0006,85,24.0,1.4516292657521337,4.180283545890356,3.521493643197122,2.3927989623544175,3.4220422356705154,0.2450521109496672,1.7279074368071294,23.980795554734595,40.58721297402195,33.13634596100404,16.606417419287357,3067.203,5.035306011533541
B0006,86,24.0,1.4519237720967175,4.182277548850675,3.531199617131715,2.410475236770924,3.4202687142856667,0.2445224118963859,1.726921154488644,23.64197366968708,40.37035790264624,32.92241762841388,16.72838423295916,3058.157,5.01283455939849
B0006,87,24.0,1.4471484694777743,4.182483687657018,3.540682828822266,2.4915333699239977,3.4248208106770663,0.2387189576432824,1.7212033400588391,23.829441222036376,40.667923693760464,33.20338483123576,16.838482471724088,3058.812,5.00077374207361
B0006,88,24.0,1.4468538105659885,4.182606347806988,3.5356541187739614,2.444861994529003,3.423499088319266,0.2415601125159711,1.7211548500579923,24.20984647694025,40.990356883952465,33.533950654066935,16.780510407012216,3058.578,4.999696593563816
B0006,89,24.0,1.4416741930284678,4.182949890012143,3.5426480867538017,2.4840755398082255,3.4247420964314874,0.2394044963910197,1.7200574224369996,24.27322345224107,40.99774402817451,33.5767934055627,16.72452057593344,3049.328,4.981262705788425
B0006,90,24.0,1.5935866593100128,4.222353332039162,3.5029468518556204,2.479017302613424,3.450702139255875,0.2498681190650427,1.8210499414870156,24.0581768445586,40.77265883698999,33.224088400657315,16.71448199243139,3177.219,5.552979188490855
B0006,91,24.0,1.5463902376915637,4.190810496600126,3.459144575143091,2.4820670710190385,3.448047542990752,0.2428918235329487,1.821446935406101,24.676724380143,40.522204934304625,33.37083344726966,15.845480554161623,3082.937,5.390978441072507
B0006,92,24.0,1.51470559175661,4.1828124049147695,3.4885908514844224,2.452449045714353,3.4399481891896455,0.2424293316934499,1.7899526443788862,24.71374963671338,40.57746834859555,33.43366634309322,15.863718711882171,3074.266,5.266992055643804
B0006,93,24.0,1.4989786083335404,4.1838942747302825,3.500662570823591,2.4198491932573414,3.434112914501242,0.2444901326562916,1.7769381660412278,24.467210746068808,40.516963879873735,33.28676739403043,16.049753133804927,3066.0,5.202167829856767
B0006,94,24.0,1.4831110745410492,4.183847567326402,3.5190985130636876,2.4706823501191706,3.4325600940363916,0.2411030727906866,1.764010893061975,24.224651493389036,40.34325381638243,33.14347737377552,16.118602322993393,3056.437,5.14159828204076
B0006,95,24.0,1.4729664825468278,4.183259734378229,3.5212860952811007,2.413759774558071,3.4270614887575657,0.244253898668663,1.7571864995414006,24.113583430209243,40.39341126895154,33.11021541795579,16.279827838742296,3048.219,5.098312631397127
B0006,96,24.0,1.4627604396099307,4.183152598210248,3.5315851155806786,2.4562499847243027,3.427340316812041,0.2414807156920839,1.7502861853648677,24.152350848480747,40.46341487442664,33.18991802149879,16.311064025945893,3039.218,5.061266947086572
B0006,97,24.0,1.4518364681062514,4.1835297239964095,3.5329262878466716,2.401794655879554,3.423482197888437,0.2446424557348771,1.743973921153546,24.1926071662797,40.5818264138806,33.26265398635676,16.3892192476009,3039.047,5.035816042514257
B0006,98,24.0,1.4468670644030392,4.181677965200077,3.539045488750217,2.4087687236133313,3.4220957701069374,0.243681234330419,1.73686715829697,24.238609855596454,40.61670777074496,33.299978841087025,16.378097915148505,3030.375,4.997229504919709
B0006,99,24.0,1.441380399427779,4.183197246077639,3.545547133777292,2.4308118485818704,3.421883545422636,0.2424923531812378,1.7360229366477682,24.191028062692588,40.63164766168104,33.31663547841367,16.440619598988455,3021.0,4.975932506524653
B0006,100,24.0,1.431210744960774,4.182847747629186,3.5484565862450688,2.398886415333129,3.4195777411151886,0.2442863149287772,1.7297210104409786,24.226474805349635,40.74323383889164,33.39150630507064,16.516759033542005,3021.75,4.955042720020617
B0006,101,24.0,1.4260247179525716,4.1825932531603875,3.549925959367978,2.3814379490849835,3.417528178959647,0.2453392538372266,1.7288007546336817,24.22178922960351,40.81715493531611,33.41522427488497,16.595365705712602,3012.265,4.933838616415427
B0006,102,24.0,1.420487649966195,4.181536580807847,3.5622369118183483,2.459885297095542,3.4197860540725715,0.2403518759462408,1.7216957440273102,24.21808498792451,40.72877617289365,33.39690850726103,16.510691184969144,3002.641,4.896686996165651
B0006,103,24.0,1.4207006230355006,4.172034399629829,3.5587698945654234,2.4007285025453995,3.4171369298988705,0.2406918795355521,1.7228352005659142,24.266994666970984,41.45494452672042,33.73731993653,17.187949859749434,3012.0,4.9122243951975815
B0006,104,24.0,1.452255804330839,4.188427549455566,3.5413834963307256,2.472830716079143,3.4305347141293625,0.2395445276094182,1.748786563991936,25.010523307428713,41.39678877103747,34.08965316576344,16.38626546360876,3020.11,5.0276616402312255
B0006,105,24.0,1.431557632772571,4.181335856346829,3.557320348056594,2.467318928642863,3.4250844180972875,0.2392016981476776,1.734518249780142,24.81984050052093,41.36669473718026,33.9987286593769,16.546854236659332,3002.172000000006,4.94452805577554
B0006,106,24.0,1.415015751158943,4.179546243153898,3.5560021159887576,2.3692462667540997,3.4171339862792935,0.2447570142696636,1.7271808134437054,24.661768980219065,41.37787352037061,33.907397114007345,16.716104540151548,2992.703,4.894486735953604
B0006,107,24.0,1.4097311506517451,4.18088822946083,3.565450927200841,2.448261859512487,3.417521467040602,0.2408080362142482,1.730597159216869,24.43111831491746,41.140956091698214,33.70518417605219,16.709837776780756,2964.468,4.855992547052503
B0006,108,24.0,1.404917318129309,4.182667734360821,3.5778109276715733,2.4598632768748825,3.4181623236680356,0.2398545231930544,1.7141556201256136,24.34226965648951,41.2168813199875,33.7458832944166,16.87461166349799,2983.375,4.8369076517542595
B0006,109,24.0,1.395164296571563,4.179684890591493,3.5823842742694407,2.497869764845928,3.420331935905118,0.2366669314510585,1.7067863109671502,24.694622781030777,41.40391881889191,34.01657212624259,16.709296037861133,2975.297,4.805269645497804
B0006,110,24.0,1.3945343832614077,4.18224535784739,3.5836702091707866,2.472236707252471,3.4192916311692465,0.2390286773610217,1.7063636381021512,24.83379380277289,41.586571331198584,34.175023374593785,16.752777528425693,2974.9850000000006,4.801526654785815
B0006,111,24.0,1.3893171179312644,4.182453793427935,3.5856253738844623,2.4278749904763077,3.414352330355796,0.2422117541434653,1.7053149763509456,24.571034736315717,41.43504077863728,33.976109677640174,16.864006042321563,2966.25,4.775703115211149
B0006,112,24.0,1.3838379472327809,4.182382182381389,3.588984284723791,2.4275905200235055,3.412701167144591,0.2422050432716596,1.7046353656612552,24.3737881286227,41.37436880579148,33.84150372451663,17.000580677168777,2956.359,4.75356967215729
B0006,113,24.0,1.3736814238195123,4.179533028548021,3.5864700210588274,2.37337869163978,3.410409522809144,0.2443571834392101,1.698575782177053,24.6289343728223,41.66477948989921,34.1008464215818,17.03584511707691,2956.344,4.733920915633424
B0006,114,24.0,1.3786059891863676,4.182385088635815,3.5923515752514272,2.4248604132549767,3.414419320260644,0.2417659584639163,1.69824433155204,24.90865798158239,41.81816829502593,34.34663683304219,16.909510313443537,2956.406,4.737337553037889
B0006,115,24.0,1.3737600299108574,4.182683463001238,3.5963124070242887,2.426962848243194,3.4131710032395315,0.2422305560317487,1.697124232893831,24.786900319506767,41.686647000781186,34.216231530637586,16.89974668127442,2947.266,4.717380100318318
B0006,116,24.0,1.3682580583942712,4.182413969607667,3.6002389127425705,2.417287750352038,3.4107019261975147,0.2431598204101303,1.695970796988871,24.55493670403353,41.565382893773936,34.041617020161176,17.010446189740406,2937.984,4.693367988762856
B0006,117,24.0,1.3633024037317505,4.182411904002977,3.604261987061514,2.4185087281747166,3.4089059214760367,0.2433534817510635,1.69533939901694,24.326424207262512,41.46394809540406,33.890212870710734,17.137523888141544,2929.125,4.672791745349317
B0006,118,24.0,1.35809661401726,4.181099186741353,3.610208784768209,2.480937393224248,3.4134080258317576,0.2391091835107565,1.689063706570807,24.575299028638764,41.6123634180086,34.116762412437,17.037064389369835,2928.454,4.659320521452227
B0006,119,24.0,1.353269090999531,4.180110659212056,3.604384847345642,2.4078214169511205,3.411221044859532,0.2427781100438389,1.689254941512802,24.993583337417636,42.0075404495327,34.490493589415046,17.01395711211506,2929.375,4.660109770220521
B0006,120,24.0,1.3841605738237488,4.163570261072192,3.5929395911706528,2.433234589649132,3.415521085221368,0.2372020053288333,1.7102192011852473,25.16522071099258,41.61679232360952,34.23744800906639,16.451571612616945,2946.031,4.757037329543386
B0006,121,24.0,1.4051467790651473,4.190012868765637,3.5862615333641465,2.440822893388958,3.4229838362549794,0.2414394100202812,1.7302612146468814,25.169349346251153,41.80245062827161,34.41428886050454,16.633101282020455,2955.438,4.843240753022356
B0006,122,24.0,1.378719022627353,4.182338112503195,3.5993733218450874,2.396078253891397,3.414757022019347,0.2441378489844082,1.7152722093432786,24.82143821287872,41.653004783464006,34.16445180476378,16.831566570585284,2937.625,4.754836079332781
B0006,123,24.0,1.3682657783199066,4.181981194182554,3.613313370916122,2.449306948268824,3.41435871627236,0.2415232340200517,1.701355119877482,24.459861049861928,41.36061809844917,33.877146811272176,16.900757048587245,2929.078,4.695459322494514
B0006,124,24.0,1.3573151296618016,4.18265262787567,3.612916400780757,2.384185417166802,3.409188669841805,0.2460496736273354,1.7004563863905504,24.316938949769007,41.42815616511055,33.839566254190565,17.111217215341544,2918.375,4.668777253561046
B0006,125,24.0,1.3524934638801596,4.182270325485355,3.62307676232919,2.4440756213040964,3.411930366643558,0.2425896852256925,1.6873607733405396,24.299358283075954,41.343265645039,33.818304796930946,17.043907361963043,2919.812,4.634374282929831
B0006,126,24.0,1.3474099151661236,4.182394535290608,3.6225410007004046,2.4296014294774673,3.4094417183837504,0.2439075621911889,1.691961200784779,24.26495568108719,41.38118673567723,33.812621135472135,17.116231054590042,2900.422,4.6136225280465055
B0006,127,24.0,1.3370075130842318,4.182061947471753,3.626275900079049,2.41022288115442,3.408189609747988,0.2453176784067779,1.6853124510181006,24.234049261184705,41.378450473707446,33.79894614410012,17.14440121252274,2901.375,4.592488574905165
B0006,128,24.0,1.3312352966718526,4.182288987105723,3.630939582490314,2.4098927032454966,3.40737851449911,0.2458090615165247,1.6788023481230294,24.08401483096836,41.306600641009794,33.702723745621576,17.222585810041434,2901.187,4.569687454162207
B0006,129,24.0,1.3259303781727645,4.179633835322102,3.63665215167077,2.453938411405305,3.4085862639015,0.2430865651710103,1.6712234371153531,24.032744419693664,41.20408103671912,33.63562651984647,17.171336617025453,2891.64,4.532599533665247
B0006,130,24.0,1.321578743867529,4.181392635232333,3.633648674889144,2.3940396792395253,3.404843616147767,0.2473025976222259,1.676926820246207,24.035049734679703,41.32955629442644,33.690724061796516,17.294506559746736,2882.906,4.5318458597308435
B0006,131,24.0,1.321225074066109,4.181883861516496,3.6408526421786505,2.45134737470238,3.4081057374178703,0.2442210833322026,1.6701674907264448,24.06713329126122,41.300370296451625,33.71317033815572,17.233237005190404,2883.265,4.514360818770417
B0006,132,24.0,1.3156485301862682,4.182054276922838,3.6463041446743727,2.475014603796582,3.4091728540380735,0.2434048641865989,1.6635304836146556,24.003951341882857,41.243646229563595,33.65376593260611,17.239694887680738,2882.969,4.494276286709874
B0006,133,24.0,1.3209025697502388,4.168816046299314,3.643185525285694,2.4569179775419294,3.4110817622184233,0.2409963916360496,1.6646335896429376,24.665219663049655,41.36464929786556,33.983578066068176,16.699429634815907,2891.656,4.516334349346584
B0006,134,24.0,1.3474328767273906,4.1901092209827935,3.63009179178362,2.438240626221148,3.4167486246717154,0.2445794002146044,1.691847724352744,24.805357555777945,40.89285784811417,33.816348135475515,16.087500292336223,2901.25,4.622129800449759
B0006,135,24.0,1.3260128072353616,4.186977042307121,3.644383145306869,2.4946397780995584,3.4169689184247174,0.2418829111188869,1.671226012596274,24.56877700957708,40.652964511118334,33.60692030225909,16.084187501541255,2891.703,4.542384695182743
B0006,136,24.0,1.3101186784831065,4.1821030998183115,3.647724843088211,2.4367455144223555,3.4105763913818787,0.2457066092119761,1.663315386938566,24.315271046643172,40.58410707337388,33.47350597721994,16.268836026730707,2883.016,4.49501089864976
B0006,137,24.0,1.30521620229393,4.1822412159486655,3.654758881299619,2.485868996808533,3.4113335283009314,0.243669978984679,1.6559242579419076,24.003796003990193,40.322783635307104,33.209178727620106,16.31898763131691,2873.453,4.457843561793712
B0006,138,24.0,1.3004061951355774,4.1811092734638216,3.649848216700934,2.3957550201907916,3.4081283345557187,0.2482278729797321,1.656121338952165,24.36069951501419,40.78032921971219,33.58088963686094,16.419629704698004,2874.031,4.457417238465267
B0006,139,24.0,1.300235735841116,4.181892633123134,3.654795053390779,2.4504684570147006,3.4125732422699135,0.2452230312011813,1.6493562885018465,24.621773390889473,40.85731522464202,33.76400861956033,16.23554183375255,2874.234,4.442814595041541
B0006,140,24.0,1.2895066722480757,4.1810790735747885,3.65519692144285,2.3942028718004007,3.407693686560286,0.249342966530215,1.6481250828318856,24.362440700162463,40.74860220857894,33.57003564415372,16.386161508416475,2864.984,4.416977394029637
B0006,141,24.0,1.279253057384795,4.179849355700932,3.660920185251899,2.4303844034459368,3.4073499608041957,0.2482146012944817,1.6402735508297446,24.05828833813684,40.47227623020843,33.272050895552354,16.41398789207159,2855.093,4.378207599491923
B0006,142,24.0,1.2792078171714618,4.181641969595387,3.6665506464743816,2.4755630989048205,3.409292163767801,0.2465901601184922,1.6339269718637894,23.840036551906117,40.28187574900838,33.12740933210319,16.44183919710226,2855.625,4.3593085177713045
B0006,143,24.0,1.274036760902923,4.18154819879745,3.664830420095059,2.446712151873903,3.4095492354804775,0.2475833965078593,1.6340523871461572,24.11614509838886,40.637565231244686,33.439116773449626,16.521420132855827,2855.594,4.3608552455467775
B0006,144,24.0,1.2741273923001468,4.181631106163372,3.6670708418070905,2.46071120182069,3.410318915287339,0.2473980180110981,1.632548826353985,24.248375431600596,40.64243349478575,33.482874768414376,16.394058063185152,2847.437,4.3434928809598965
B0006,145,24.0,1.263763942644078,4.178712498488009,3.671063896554771,2.4619788522973796,3.409269478846637,0.248102268255145,1.6192776155716369,23.97276387413658,40.38713367022122,33.22136307064441,16.41436979608464,2847.36,4.302865540244398
B0006,146,24.0,1.2581373688955233,4.181148894438262,3.675527990548978,2.4999079970509284,3.4094374435069095,0.247440127719142,1.6178697167430758,23.679989442038227,40.15316398972329,32.98562738901426,16.473174547685062,2837.328,4.281560070563413
B0006,147,24.0,1.253259864055301,4.181246648937272,3.67291170661734,2.4061574188511727,3.403885091976961,0.2532123266842987,1.618130611081338,23.532532487364804,40.26211669866818,32.970182781539556,16.729584211303376,2837.281,4.276712120648879
B0006,148,24.0,1.2532313315493426,4.182083806710052,3.67294260827938,2.40921365026611,3.4065929107527846,0.2526320232410776,1.6181696583650664,23.900390232503312,40.65437976632703,33.31018716138479,16.75398953382372,2838.515,4.280532341284352
B0006,149,24.0,1.2480874960313575,4.179465656635683,3.676426871927093,2.4705399687343235,3.4095930016592684,0.2490847222904234,1.6103994653878324,23.927161901061876,40.41021687551566,33.23406652671602,16.483054974453783,2828.328,4.246668968709857
B0006,150,24.0,1.2534354284944844,4.164241788212258,3.678748349217624,2.4996841687041944,3.409409922814414,0.2450153667333106,1.6116489596960517,23.563221777928874,40.49521984011741,33.117656712920734,16.931998062188534,2838.265,4.26246034658643
B0006,151,24.0,1.28980487732669,4.189238693156103,3.6660243812714266,2.4839695531514434,3.4195489282896943,0.2466700164316274,1.642047410212096,24.182986071194534,41.357879741754175,33.784170366860046,17.17489367055964,2864.547,4.411007355344468
B0006,152,24.0,1.2635402021758837,4.180662617196329,3.673517843188949,2.4675402264113453,3.4151799904187996,0.2480742228576014,1.619485147897518,24.13790128994837,41.37902988743146,33.806439563441614,17.241128597483087,2846.39,4.309332868487828
B0006,153,24.0,1.2479761706842851,4.181032942784607,3.679265325617699,2.4946438160388325,3.4154594925159083,0.2480617016753451,1.6049332611605434,23.963097388160715,41.20920760771975,33.63735785291911,17.246110219559032,2837.969,4.252178442129103
B0006,154,24.0,1.2321202877943334,4.17964376586292,3.6810005302067896,2.4577382116375843,3.4130336456755868,0.2513379562071556,1.5916620231406688,23.85280750491738,41.20630554355683,33.58195933847606,17.35349803863945,2838.156,4.20951164003174
B0006,155,24.0,1.2271137666213534,4.180653486967336,3.6816210659707824,2.40986495422137,3.409452435657409,0.2554175559048416,1.590121112674739,23.75303412345965,41.28239317323536,33.56245583951572,17.529359049775714,2829.843,4.186771428806759
B0006,156,24.0,1.2217397581377356,4.181365190126037,3.6870580470143386,2.479418189447868,3.413849600816502,0.2521876111582164,1.576784104156222,23.721333683268337,41.1595683576961,33.5111267532655,17.438234674427765,2829.625,4.15248785209495
B0006,157,24.0,1.211102678915174,4.180359359066286,3.686609623032529,2.434585389303289,3.410900672125043,0.2554146162892581,1.5752875074450006,23.759822145332578,41.230427315370186,33.53675907012135,17.470605170037608,2819.437,4.129969055488359
B0006,158,24.0,1.2056159765131735,4.181277236211712,3.6886642285753455,2.425682710641569,3.410574414013007,0.2569819410958422,1.5684956746000391,23.662315778660417,41.21487873613708,33.49803069556778,17.552562957476663,2819.579,4.109058176498991
B0006,159,24.0,1.2008936262717274,4.181921994951423,3.689427929747468,2.417924401749313,3.4096514247359915,0.2581973170564696,1.5671931448019898,23.66168794896562,41.27439823262361,33.516977262709986,17.61271028365799,2810.672,4.090847852187607
B0006,160,24.0,1.1905903985558337,4.179431633541701,3.691557712403205,2.4541577949851603,3.412857837344254,0.2562295547306426,1.5538432233552126,23.72460632660379,41.237668013317766,33.531923269271225,17.513061686713975,2811.485,4.056685436022797
B0006,161,24.0,1.185179251041941,4.180438271754948,3.692494602830583,2.463616101176541,3.4134509017056525,0.2563397256526232,1.5522138654028756,23.762062996041248,41.24068073261839,33.567636169584304,17.47861773657714,2802.422,4.038363952838127
B0006,162,24.0,1.1796706818144624,4.181414159913002,3.693907128232746,2.470375229475307,3.414388187503409,0.2568441721022827,1.5452850479941007,23.806067140125037,41.28133907077437,33.60493096509702,17.475271930649335,2801.625,4.018604577083815
B0006,163,24.0,1.1745952836753917,4.180815073540562,3.6946262144743858,2.4357634426689945,3.412419038813061,0.2599377773002801,1.5387187116139815,23.71352691261309,41.28338645880181,33.54281440778599,17.569859546188717,2802.031,3.9972106649852575
B0006,164,24.0,1.15381833159625,4.1697037841892834,3.6963269652374176,2.481190011798763,3.4148103057455175,0.2567621913262417,1.5170395993741237,23.707339766856947,41.149193043289586,33.472459360982775,17.44185327643264,2793.39,3.9244652455559903
B0006,165,24.0,1.1644009557372264,4.180283727512206,3.697169686162496,2.491537251958465,3.4166177332601,0.25786885910619,1.5238666038924866,23.791460085164704,41.26268252018065,33.58210389885497,17.471222435015942,2793.39,3.9460798888358575
B0006,166,24.0,1.1587974947916069,4.181157702694518,3.6966744870459154,2.40904100737121,3.4121341541171764,0.2637271867613533,1.523798597354542,23.802896883148367,41.45791806300034,33.6634605108384,17.655021179851975,2792.485,3.939307190110537
B0006,167,24.0,1.1749748834769171,4.157544974448367,3.69305943579077,2.475767645530351,3.419700177568569,0.2529109631298057,1.539131085939872,24.698597962486065,41.11666214070682,33.730546074122294,16.418064178220757,2802.016,4.008595035958819
B0006,168,24.0,1.1856752327929356,4.188511527828155,3.691808982914086,2.4160441724133666,3.4234687742187893,0.2619158664193414,1.5427100462165395,24.90772586070615,41.36263766174168,33.8912822372509,16.45491180103553,2820.39,4.0531027648788385
B0007,1,24.0,1.89105229539079,4.199359521791473,3.062112709085676,2.145975766935391,3.522006703394617,0.2874452516516924,1.869128126500791,23.93704394613529,40.59042914535701,32.62485875142121,16.653385199221717,3690.234,6.789434464560018
B0007,2,24.0,1.880637027686859,4.198257409594461,3.0792262382335167,2.1110166987852117,3.5319490434317116,0.2797089856913086,1.868091214569674,24.267087815290243,40.26023408628707,32.738209593287145,15.993146270996828,3672.344,6.7719351932569545
B0007,3,24.0,1.8806626717011388,4.198280074112568,3.0632655470968633,2.0251085128182655,3.5344025220217845,0.2837265457450501,1.877784734502072,24.328571506102985,40.27558633997852,32.68511456550919,15.947014833875532,3651.641,6.772981740189951
B0007,4,24.0,1.8807709009833444,4.197941750771344,3.0394209081813037,1.922542180649595,3.53492504932652,0.2900870287846463,1.8875256535871223,24.22884709213011,40.29314715799111,32.554748499572646,16.064300065860998,3631.563,6.770718740979214
B0007,5,24.0,1.8794508728285055,4.198464224146956,3.0431671777523723,1.871159045064988,3.534536640068787,0.2922064159996837,1.8871621432453276,24.13830760704513,40.26887263021979,32.46787845303298,16.130565023174658,3629.172,6.764758586702278
B0007,6,24.0,1.8807003517117404,4.197902988175172,3.1233879823287563,2.1756867065903434,3.5411626672196816,0.2667430847635834,1.8675154082122565,24.14796432405108,39.67620802332074,32.48624734055599,15.52824369926966,3652.281,6.7478547491483
B0007,7,24.0,1.8799352523566075,4.197891547056767,3.1185821288267825,2.1117887156019437,3.541165612176161,0.2711863392112483,1.8673359462519084,24.255515986671373,39.80381766292616,32.55779966353037,15.548301676254784,3650.828,6.745923115825768
B0007,8,24.0,1.8815088124038797,4.19920088820775,3.0484292097717485,2.026250619894166,3.5494581176357975,0.2729782429415227,1.9063154499484405,24.30295214496604,39.88810476942348,32.45374435641106,15.58515262445744,3572.453,6.750169011081445
B0007,9,24.0,1.8696907870385844,4.198273632768149,3.0162462022532277,1.9505894332906035,3.550280546407974,0.277129615448618,1.916434819884568,24.257530932186896,39.95162250671474,32.373246444985035,15.694091574527846,3550.594,6.743937188969026
B0007,10,24.0,1.870052380139199,4.198830761298339,3.005452831952688,1.868824706765806,3.5481347674910286,0.2838129782679831,1.9165385597747795,24.18958371301619,40.05202185471829,32.30534276235138,15.8624381417021,3551.25,6.741800535657847
B0007,11,24.0,1.8700442394188577,4.198720291823363,2.966533480141811,1.7896213776724978,3.5484272148956437,0.2888963372471808,1.926771167846017,24.062655752137022,40.1213838436794,32.183319483399806,16.05872809154238,3530.25,6.7368460545816395
B0007,12,24.0,1.8596518987766364,4.198945227315025,2.9583476203190093,1.910336108594535,3.5560433603714667,0.27604177175305,1.936979366983281,24.334878490739897,40.174657039770814,32.378853181816005,15.839778549030918,3491.016,6.708004507865959
B0007,13,24.0,1.8590746560862208,4.1990513028067955,2.896976191688246,1.9086884059809104,3.5604849642800684,0.2717170193494011,1.9470891822561436,24.352069874766624,40.016434730174936,32.2913249500013,15.664364855408312,3470.281,6.708691704147774
B0007,14,24.0,1.8590084577709232,4.197967675754507,2.8760046514911854,1.7868782934275431,3.5562872542469752,0.2826191895837473,1.946961601670498,24.13317390074807,40.16569230743226,32.14782797344657,16.03251840668419,3470.0,6.699986179131589
B0007,15,24.0,1.8593622586957048,4.19925638222589,2.9490333218639506,2.1361343961784502,3.5647746218187324,0.2549992595793087,1.946851050742258,24.072501109913752,39.46139677634257,32.01380948237792,15.388895666428816,3450.297,6.677306716245749
B0007,16,24.0,1.8587355450601035,4.198809496382092,2.817578542562853,2.0133501283179167,3.565438928797127,0.2598113371383103,1.957412809315224,23.938131916668528,39.5636595172155,31.881310103471357,15.62552760054697,3429.407,6.670158805806246
B0007,17,24.0,1.847817291322145,4.19879257501117,1.8575547668336485,1.8575547668336485,3.565961679108638,0.2666938102935131,1.9680136940585704,23.932016714666645,39.628948319501816,31.854304304240515,15.696931604835171,3409.484,6.653374361102632
B0007,18,24.0,1.8485252916137047,4.1985172274243965,2.1657556124208934,2.1657556124208934,3.572496559005355,0.2443446202400193,1.968054746894467,23.985654738703733,39.22534721491488,31.856555404576753,15.23969247621115,3390.422,6.6277732024911185
B0007,19,24.0,1.848378951850034,4.198141640180731,2.0270686341513207,2.0270686341513207,3.5699492020415136,0.2532936670816869,1.9680218912213907,23.98814734636334,39.4126321606434,31.86718260708393,15.424484814280056,3390.281,6.62293376974925
B0007,20,24.0,1.8807805437609768,4.196060627765756,2.990508602000316,1.905311669649934,3.5464338449590023,0.2870418502164071,1.9066656790606795,24.35868522365832,39.95874037686836,32.35216872128999,15.600055153210045,3591.734,6.7842294783474495
B0007,21,24.0,1.88147215974436,4.196697192985168,2.9244436686756003,1.7951975189442124,3.5531968089006387,0.2883972011276421,1.9267198323744987,24.654859838095476,40.31302300333008,32.60219299451182,15.658163165234605,3552.297,6.788565185044576
B0007,22,24.0,1.8810954313244783,4.196951235755862,2.985701673091382,2.1058524852518143,3.5599340214678805,0.262396085205122,1.9261058568907057,24.314302419669428,39.359447242364645,32.19571819720114,15.045144822695216,3531.578,6.759032566671403
B0007,23,24.0,1.8710089649779995,4.196666467438727,2.8624482917296183,1.846021007590992,3.5595604968238,0.2755055664428784,1.9468405917249592,23.946713982155597,39.454159451189874,31.805988160181123,15.507445469034275,3492.907,6.749769979363801
B0007,24,24.0,1.8701995151941375,4.1966416719103465,2.9139323032496045,1.7370300333706354,3.552385161941813,0.2881767172049014,1.9364196896718648,23.7951049382806,39.64174827400944,31.737001978644926,15.84664333572884,3511.594,6.739468507067623
B0007,25,24.0,1.8706715362800983,4.1971302559922,2.0506492642329937,2.0506492642329937,3.5707670304281067,0.2505087558173121,1.9675984733558023,23.737266454884896,38.86906912217273,31.51707667966367,15.131802667287836,3431.937000000006,6.703873729649671
B0007,26,24.0,1.8596124644020169,4.196450282799754,1.8254369744762284,1.8254369744762284,3.5657224847439295,0.2672429322671614,1.9680130544442065,23.652272583938505,39.11839966443177,31.442860781038384,15.466127080493266,3431.125,6.694608974354447
B0007,27,24.0,1.860033909718346,4.196790308710931,2.134879000684994,2.134879000684994,3.5712835067487094,0.2454629972635874,1.9675631762844843,23.526608715948186,38.68010761281634,31.32326275303232,15.153498896868156,3412.406,6.666595714140786
B0007,28,24.0,1.8591653109160768,4.196693048697735,1.970455493406623,1.970455493406623,3.56797162748914,0.256383090128758,1.967618505240168,23.487149781417028,38.863045678198645,31.28571570579735,15.375895896781618,3410.688,6.657658351293735
B0007,29,24.0,1.8481398178778288,4.197078923354,1.813269430976001,1.813269430976001,3.5646314038791784,0.2688392479727567,1.9678214300979184,23.50330268668737,39.14531169811219,31.331850868998007,15.642009011424818,3410.718,6.6523732824954225
B0007,30,24.0,1.849201702126164,4.196062203382386,2.0483657324095637,2.0483657324095637,3.568983888921194,0.2510097241436422,1.9675056354779952,23.520585860135142,38.8380564174779,31.32285733932258,15.31747055734276,3392.719,6.624137179951853
B0007,31,24.0,1.8834677437950849,4.206370624421659,2.8828887698944623,2.181560983985832,3.564620688944316,0.242356483976059,1.9683447778186904,23.539477112342677,38.95965174080089,31.608436452122476,15.420174628458216,3470.672,6.780118866357346
B0007,32,24.0,1.8628211117905844,4.203187727641822,2.1177799354077496,2.1177799354077496,3.5694388142217837,0.2390427400001807,1.9788210991401491,23.9542942093336,39.053875772291974,31.782101501165204,15.099581562958374,3414.109,6.702715077597238
B0007,33,24.0,1.852085039652352,4.202855529853741,2.1637448793153697,2.1637448793153697,3.568742147335628,0.2361226467707182,1.9785908218423576,23.7356722226572,38.699551697978606,31.51504198920288,14.963879475321406,3395.219,6.6632871098367605
B0007,34,24.0,1.8469504648208708,4.2027504558714135,2.0456561472058055,2.0456561472058055,3.5642424070467817,0.2435637592164921,1.9784335668087776,23.309807963383705,38.6052414906155,31.13866351339678,15.295433527231792,3386.0,6.636505189849408
B0007,35,24.0,1.836828431169018,4.202497792748939,2.1356202266992863,2.1356202266992863,3.5653038098527605,0.2380524119042054,1.9781613462371577,23.305948209951065,38.42604747702835,31.068710515588776,15.120099267077284,3368.187,6.602468444353949
B0007,36,24.0,1.8371619619672277,4.20243913428064,2.042987153745025,2.042987153745025,3.565432167703823,0.2436019823106268,1.978386022573824,23.739006255698545,39.0468968949422,31.618244836823447,15.307890639243656,3368.266,6.603771377505247
B0007,37,24.0,1.8316722583718856,4.2027151718379345,1.978616239411895,1.978616239411895,3.5622303163451425,0.248370936300835,1.9780805998719369,23.487622777066665,38.83676495861389,31.331528063668397,15.349142181547226,3358.719,6.578203848493088
B0007,38,24.0,1.8211470951317783,4.203023971708643,2.15845357648832,2.15845357648832,3.564481026852489,0.2369382273164456,1.9780988820364465,23.2595984254445,38.49981470604549,31.132569191182142,15.24021628060099,3339.5,6.54458780150221
B0007,39,24.0,1.816506091511515,4.202697887601401,2.092603698932653,2.092603698932653,3.561614556780574,0.241210893749047,1.9779784075733655,23.02752211633403,38.582340147970775,30.972969676157927,15.554818031636746,3331.265,6.52283474225191
B0007,40,24.0,1.8113815601504557,4.202582706720855,2.1528886431678034,2.1528886431678034,3.5630587459190144,0.2377592209805917,1.9784370488525895,23.19557262400947,38.787499833494046,31.1990648511682,15.591927209484576,3321.188,6.50707815642793
B0007,41,24.0,1.8116056333939583,4.203035094861703,2.0537418826405966,2.0537418826405966,3.5629534367704405,0.244270629646186,1.9782902099305797,23.759419652346843,39.31221126031847,31.722267598269813,15.552791607971628,3321.844,6.507683177848434
B0007,42,24.0,1.8060548955557405,4.202608242479543,2.0793300586339956,2.0793300586339956,3.563446012076242,0.2429287782575352,1.9782045921558775,23.9923227657072,39.40567993360536,31.900827580605675,15.413357167898162,3311.828,6.48886720492721
B0007,43,24.0,1.8132041826994056,4.19612459601344,2.0759793304520757,2.0759793304520757,3.563998342345823,0.2532702940342307,1.9671070815271063,23.71738806870469,39.32802757827611,31.5372402498617,15.610639509571415,3327.391,6.486171873839956
B0007,44,24.0,1.8062641938283537,4.2042954628954305,2.0674349483094465,2.0674349483094465,3.5604902283110547,0.2452923043251051,1.978121464370373,23.5298942598068,38.6112528181758,31.24662583059252,15.081358558369,3312.078,6.483966529554647
B0007,45,24.0,1.7958310249900458,4.201835131331625,2.037264031192436,2.037264031192436,3.5567002097886946,0.2471815020007749,1.9780364457328712,23.08807388106935,38.569726951286874,30.939399361884792,15.481653070217526,3293.172,6.439677700794888
B0007,46,24.0,1.7858852600390451,4.202901194454151,2.1632674190148338,2.1632674190148338,3.558412726344602,0.2397240468529603,1.97793896698507,22.99093247491259,38.34572083526661,30.884857004354572,15.35478836035402,3275.328,6.407012477669587
B0007,47,24.0,1.780326860450275,4.201756108371374,2.106631526845483,2.106631526845483,3.556136820956992,0.2435323971413376,1.9780170042003,22.975283987903012,38.48254063494672,30.920682316695828,15.507256647043713,3265.016,6.383292596096491
B0007,48,24.0,1.8150756899575575,4.191916354433964,2.1809272860788376,2.1809272860788376,3.568999942180493,0.2377985887575091,1.9779140108313504,26.469089975309167,41.0499421893331,33.880577817079796,14.580852214023936,3328.937,6.531870934297347
B0007,49,24.0,1.815702515484584,4.203330153285592,2.1773498094527195,2.1773498094527195,3.571059290544873,0.2378590679850671,1.978162017642311,25.3863555458825,40.361944885615415,33.038339318294426,14.975589339732917,3329.266,6.537088661397099
B0007,50,24.0,1.800243217805667,4.20248271441994,2.180136101967249,2.180136101967249,3.5666921284622095,0.23760527129618,1.9779553399945096,24.527292175910674,39.6676965288026,32.27329169539202,15.140404352891927,3301.579,6.474009221241965
B0007,51,24.0,1.7904476205609308,4.203276539809248,2.1286295199076855,2.1286295199076855,3.563327431073248,0.2410548801073989,1.9779914337720736,24.049002964015955,39.481181404811096,31.937919783481355,15.43217844079514,3283.563,6.432644438382921
B0007,52,24.0,1.780343032300132,4.202580870413733,2.819149313537842,2.155901281560187,3.5590146214829015,0.2427711596580828,1.972192989054421,23.724772219746917,39.4190511430692,31.688686599521045,15.69427892332228,3275.125,6.398430607115167
B0007,53,24.0,1.775328769596812,4.203244171517053,2.7914986722149657,2.067103728219671,3.5566945836342914,0.2487959944615331,1.972326319320668,23.743245769668285,39.72196117128354,31.779120691032947,15.978715401615254,3265.656,6.376184332185841
B0007,54,24.0,1.770262973473285,4.202697222668131,2.912699551286945,2.0619831864543094,3.555013984911923,0.2513247440204203,1.966838273678528,24.07167963443903,40.041366724781085,32.133873372089305,15.969687090342056,3266.093,6.358403193718278
B0007,55,24.0,1.760081061854204,4.202581421564202,2.99598771253577,2.143037413381466,3.5526373754067415,0.2484397729897574,1.9609304428642136,23.857377552308677,39.66314441864834,31.889431533099835,15.805766866339669,3257.594,6.320704857288989
B0007,56,24.0,1.749647593537689,4.201127463298259,2.97267687251875,1.992905798820928,3.547186025484395,0.2591347484640653,1.9607588424014128,23.74276611720144,39.84751541049116,31.81736328028127,16.10474929328972,3248.593,6.293165969925084
B0007,57,24.0,1.749650075059311,4.202508747096239,2.981408978015783,2.0335961968180234,3.546814755244375,0.2566708502475146,1.960750256813504,23.587639063990324,39.74335777163101,31.72316205746117,16.155718707640688,3238.766,6.273455387415639
B0007,58,24.0,1.745028739214683,4.202197348597037,3.0307473063064005,2.0213017345171265,3.5447850172972655,0.2590391092431144,1.955106689333301,23.715392068439098,40.07246786936068,31.957150654392297,16.35707580092158,3240.14,6.256226412886117
B0007,59,24.0,1.739645745528673,4.202490707154508,3.0390623366854363,2.0789964919635966,3.5465215420964156,0.2559966343933014,1.9550631626775965,24.226269945943525,40.247716114003914,32.29917704213345,16.02144616806039,3230.109,6.239813068938487
B0007,60,24.0,1.7285642277717963,4.20211186646044,3.073271766798443,1.9925354808829656,3.540832547654255,0.2637981986834192,1.9491545130405277,24.018613045430666,40.27220819224188,32.128842946565555,16.25359514681121,3229.7810000000027,6.212101547614825
B0007,61,24.0,1.723900324588418,4.202924241129693,3.0987788360066437,2.14041602578448,3.5429925113583938,0.2543359523100831,1.9485245668379871,23.868157730931408,39.89848456781458,32.021134355757404,16.03032683688317,3212.469,6.179917969286194
B0007,62,24.0,1.7139788776485192,4.202395835117333,3.1213682588066063,2.006753861515003,3.5360811169860216,0.2648942463001822,1.9431245838111424,23.679272417109907,40.0571305311587,31.859048861486652,16.37785811404879,3213.219,6.153814617791076
B0007,63,24.0,1.7139701997004613,4.2025695620076915,3.134628907491469,2.121868132176415,3.5392436935272635,0.256967427749331,1.943010543716932,23.841899649981112,40.240711749549135,32.16100333536097,16.398812099568023,3203.578,6.140230112759755
B0007,64,24.0,1.7036521173638766,4.201287153879833,3.121005705744245,2.0119648758828452,3.5348237062932575,0.2662038409344857,1.9425236436352384,24.239122695185117,40.12941739090177,32.10276048728767,15.890294695716657,3195.125,6.1152195100522375
B0007,65,24.0,1.7040137474382486,4.203984334358096,3.1645013695815067,2.0744390946376323,3.5366477402090606,0.2616558182168718,1.937025178987172,24.100749099673767,40.3959693732437,32.33880662180898,16.295220273569935,3195.312999999994,6.102542460406299
B0007,66,24.0,1.6935716157343033,4.20220228055958,3.210026375746328,2.188793384556236,3.5352062840980913,0.2554479106914472,1.9310353224698769,23.897590280042657,40.18751058333668,32.21373014824893,16.289920303294025,3186.297,6.064240838548212
B0007,67,24.0,1.6876577363877656,4.201755934400281,3.2105896114065064,2.1739523632140685,3.5329852237553396,0.2570678864082441,1.930473835480344,23.75513020954747,40.14605167557969,32.09949526722965,16.39092146603222,3176.438,6.039232563009916
B0007,68,24.0,1.6830744356583152,4.202600613133091,3.211652712511208,2.1783847786257136,3.532158560934324,0.2574332184607594,1.9305724132185291,23.736969701170437,40.18846095484838,32.11305439113157,16.451491253677943,3167.593,6.021644367339642
B0007,69,24.0,1.6779270142025482,4.202295008453833,3.2367890789594935,2.191481814157953,3.5308376380023527,0.2573513281864761,1.9247227974831072,23.791281395349262,40.2789498830108,32.20371989479744,16.48766848766154,3167.719,6.002398054178905
B0007,70,24.0,1.6732060275966172,4.202842977920607,3.236252355469797,2.1753473356526807,3.5296958440720005,0.2590331783571659,1.924600450712187,23.8371835445039,40.310727434969614,32.23340825772458,16.473543890465713,3159.077999999994,5.983917976480589
B0007,71,24.0,1.6674367208253988,4.202031500801591,3.2381402568717146,2.1832922624558813,3.5281819372126093,0.2590267647030847,1.924378876549564,23.78037304316956,40.31733812871393,32.212169716369466,16.536965085544367,3148.829,5.9608146040524375
B0007,72,24.0,1.6622662630667526,4.202335745153063,3.2607912474890384,2.192864020990023,3.5265730179666974,0.25895117983184,1.918402879916178,23.770282871894263,40.332563430145015,32.21746401954224,16.56228055825075,3149.094,5.940860787210121
B0007,73,24.0,1.6574243065763063,4.201773071145273,3.2576377743116076,2.156097212664392,3.5245022548553444,0.2617924505301996,1.9181664471622712,23.76194654931583,40.431258866851486,32.23410177209762,16.669312317535656,3140.547,5.9206212707581605
B0007,74,24.0,1.652538684928734,4.201486505584843,3.2561979569093245,2.138540138129487,3.5228548406546385,0.2633490260817586,1.9180994998619485,23.75415567195125,40.46247985933005,32.228343983674435,16.708324187378803,3131.625,5.9007349025021005
B0007,75,24.0,1.6472174627573322,4.2019492746220735,3.2612376667863723,2.1646493163558524,3.5222829121237855,0.2622165090473685,1.9179587244853675,23.692389087728422,40.40103455658551,32.1833106060944,16.708645468857085,3121.907,5.88059965048413
B0007,76,24.0,1.6364136810898071,4.202045571197949,3.2767912255627567,2.1187211383693167,3.5189923820688493,0.2657987880982344,1.911678721552721,23.65119377825813,40.4426971996319,32.17200142078129,16.791503421373772,3122.125,5.857228806793807
B0007,77,24.0,1.6362554312048496,4.204697039833386,3.280204681321995,2.1377868706438155,3.5177844279570794,0.2660021511721999,1.9116021818524709,23.617774403005388,40.26214977673693,32.03316223587618,16.644375373731545,3121.672,5.854045152219231
B0007,78,24.0,1.641119179218384,4.203789569367976,3.246330916016724,2.103155697792567,3.5212226057273495,0.267463244027458,1.9176487188202131,24.17781961485231,40.64566836195685,32.506671891788216,16.46784874710454,3120.86,5.87708991176168
B0007,79,24.0,1.6315700789656966,4.201897793299824,3.2847935310270984,2.186737546753024,3.5172227884430147,0.2625180523459421,1.9111402386391976,23.55302449077993,39.95209030011925,31.96103948562093,16.399065809339323,3103.828,5.817751586988509
B0007,80,24.0,1.621213282987236,4.20178017149305,3.278208354451213,2.1007747911593695,3.5125010864221813,0.2684194030833104,1.9108682624772713,23.15836420422582,40.165034583244065,31.798082670491866,17.006670379018246,3095.094,5.792748313295921
B0007,81,24.0,1.6164273214762122,4.202220537976551,3.2985123960309424,2.1417010068719846,3.5129614635074673,0.2654991445134645,1.9049809251600105,23.26175935743409,40.36674175781141,31.95802833708937,17.10498240037732,3095.781,5.777434052781424
B0007,82,24.0,1.615823510161921,4.2013887453306085,3.2892126252156215,2.0912297625621297,3.512520410039196,0.2692443243789981,1.9051115160683216,23.705879583857502,40.88269125311642,32.41813169746276,17.176811669258917,3094.328,5.775091282241098
B0007,83,24.0,1.61672418029789,4.2015967090294115,3.296160957280199,2.1663009505205935,3.5151454557578807,0.264592914024469,1.9049221617708283,24.06482534257176,40.85633220225456,32.64044972789331,16.791506859682805,3086.531,5.763553948391042
B0007,84,24.0,1.6108655863730026,4.201668680267049,3.3160994964500823,2.1843637809529235,3.5134431794731813,0.2638836935216725,1.8987673918259145,23.95500402082536,40.778024611598504,32.56399373078006,16.823020590773144,3085.625,5.740753354217776
B0007,85,24.0,1.6006603374309376,4.202512585523171,3.2993497050936234,2.113995772639173,3.5097089402574535,0.2695757399413419,1.904361661364581,23.712966469853814,40.5829305350897,32.28305350922276,16.869964065235887,3067.203,5.716456662638244
B0007,86,24.0,1.5959174487005665,4.201472345711643,3.2941059341780656,2.0287779476202195,3.5042771471756997,0.2759386941922997,1.9042167406508492,23.380469376342713,40.6345689985191,32.06065237439007,17.254099622176387,3058.157,5.6912426228244595
B0007,87,24.0,1.5962179519462243,4.20121682733489,3.321071654405696,2.1948906641943635,3.509207943122176,0.2640340111657324,1.8982712229514884,23.590060757882835,40.75070125010339,32.365261126964526,17.160640492220555,3058.812,5.682079807585008
B0007,88,24.0,1.5958065114633972,4.201188425441681,3.3148956836726917,2.1621122251410005,3.5095064920492853,0.2665102035429568,1.8978120665431737,23.982069185971252,41.0672419235651,32.68851871366292,17.085172737593847,3058.578,5.681366066603345
B0007,89,24.0,1.5906507821480704,4.201316437036837,3.285250365344493,2.0092802451741245,3.505203266169396,0.2778003723633003,1.9036894961898956,24.058890842833772,41.40590880756584,32.747733642524246,17.347017964732064,3049.328,5.674946153706331
B0007,90,24.0,1.6888211161855506,4.2331462538907605,3.167885572406937,2.144268362237989,3.5281182345919753,0.2741630579925055,1.9369986986497965,23.850620264439623,41.01558674901627,32.50500516961017,17.16496648457665,3177.219,6.052063994967586
B0007,91,24.0,1.6259938279733204,4.203917718634026,3.2155768977103443,2.0962813773920193,3.519590928396835,0.2705473630434238,1.9233419037458164,24.436141729208707,41.31851435911838,32.91993878980996,16.882372629909675,3082.937,5.8200950508713785
B0007,92,24.0,1.6157433862812898,4.201783140660278,3.237322371764735,2.0376560852489356,3.5146260368096875,0.2748582335987081,1.9169003551303383,24.491627843389136,41.4002950560853,32.948305858317944,16.908667212696162,3074.266,5.777020974284328
B0007,93,24.0,1.6056626764846538,4.201329890079568,3.265128362055365,2.050265845971926,3.5115494818370454,0.2738568804220646,1.9104739991515625,24.22889157546796,41.2508092329952,32.76906651915661,17.021917657527244,3066.0,5.73704566709158
B0007,94,24.0,1.5949746921524348,4.200849613571161,3.296447022937046,2.1421639870693685,3.510769869032659,0.2677238086862575,1.904277326283454,24.003142454503458,40.95362783962595,32.59734424608833,16.950485385122494,3056.437,5.698533580976982
B0007,95,24.0,1.5904102438871943,4.2014637977405025,3.2937623817098896,2.093098662464846,3.50804494279531,0.2714351723858833,1.9040060475398195,23.887316172679235,40.989022190981714,32.52349894408369,17.10170601830248,3048.219,5.678186762251141
B0007,96,24.0,1.5853517062988178,4.201750207865124,3.295607974447043,2.109503853325003,3.507748080950393,0.2705086991832359,1.903682025344975,23.935993772910926,41.02622774121347,32.578228834731775,17.09023396830254,3039.218,5.659917861268947
B0007,97,24.0,1.5799737147242376,4.201226117420626,3.31453089957125,2.1295447836320704,3.506667352106726,0.2692433210994772,1.8977184161709568,23.983462090671043,41.01371342582121,32.62728298499839,17.030251335150165,3039.047,5.639981128155463
B0007,98,24.0,1.5752185465278068,4.20172950022185,3.316265649872767,2.138556110583413,3.5061843921745397,0.2691227468747876,1.89734180804451,24.001863345360867,41.04923314430273,32.652115712561326,17.047369798941865,3030.375,5.622384724607772
B0007,99,24.0,1.569798484648868,4.201200470517945,3.3180552739333047,2.1437793669909317,3.5051004339266254,0.2689389259212894,1.8970244466316408,23.973654052530293,41.05277512550887,32.64767456395258,17.07912107297858,3021.0,5.601397050692208
B0007,100,24.0,1.5702565375950357,4.201289094579205,3.337661100143437,2.199196544880164,3.5054479186890566,0.2654737839390413,1.890944242298161,24.01135599553165,41.02092182377061,32.6993879231031,17.00956582823896,3021.75,5.585607978791153
B0007,101,24.0,1.565249873909438,4.200987543108535,3.3084712639892704,2.025290101499043,3.500074246846,0.2780974884933766,1.89687892991989,24.014328583157496,41.34840278359994,32.724576765133094,17.33407420044244,3012.265,5.577995627249515
B0007,102,24.0,1.559633933561147,4.201468313659235,3.31616190352511,2.0874226328484515,3.5011647157526498,0.2734435466054509,1.8964776036151527,23.997152815820534,41.23753665797544,32.70434030242972,17.240383842154905,3002.641,5.559790708920634
B0007,103,24.0,1.5649820533392105,4.1961027546611325,3.3086447213643893,2.0863200514042264,3.500407285435189,0.2727539732933852,1.896799096280392,24.075220529885144,41.21700308433066,32.74051962267582,17.14178255444552,3012.0,5.577554960236856
B0007,104,24.0,1.57497949984227,4.205246397279064,3.2797614304472664,2.0588247910323827,3.507816455272743,0.2757283357353109,1.903150343237685,24.77328468378479,41.89753189273277,33.38712825139849,17.12424720894798,3020.11,5.62469817500744
B0007,105,24.0,1.5652811168780458,4.201413874880438,3.2816898392310923,2.007722684403967,3.5025243992110107,0.2793983050650545,1.9028709165135844,24.611723655521537,41.90270996402953,33.270627344923426,17.290986308507996,3002.172000000006,5.5818236403890635
B0007,106,24.0,1.559755497470126,4.201648832380503,3.3192912535815724,2.190682586389996,3.505155823274424,0.2671609601841866,1.896329660235778,24.423639542020226,41.48233804274523,33.115074143665915,17.058698500725008,2992.703,5.5472371537483385
B0007,107,24.0,1.549897685670499,4.199365579406469,3.271441637834264,2.008435320437976,3.4983646475135717,0.2800179112567817,1.9084409166580931,24.19968791502018,41.641162265997195,32.90572814040102,17.441474350977014,2964.468,5.519553305083662
B0007,108,24.0,1.543877153134502,4.2008597336564515,3.3355119582476673,2.164636064139996,3.500140843862167,0.2688781343035709,1.8897565548946964,24.119745588729376,41.433877603827945,32.953112654161664,17.31413201509857,2983.375,5.503043443273644
B0007,109,24.0,1.5450187488690073,4.20162098338246,3.309262641432676,2.0647427536919833,3.4990954701393697,0.2760027250501692,1.895916758897512,24.459092848668902,41.8543569979417,33.2282109237263,17.395264149272798,2975.297,5.5054777795976095
B0007,110,24.0,1.5445940154102908,4.201112398367318,3.3329781009294663,2.170172617792397,3.5010357611640615,0.2690639185860018,1.8894086402500336,24.609806274773607,41.78271326384125,33.361342590516294,17.172906989067645,2974.9850000000006,5.488386587295718
B0007,111,24.0,1.5343086721758876,4.200810741834928,3.333293705571698,2.120750718982474,3.497212315865497,0.2725395525815381,1.8889319524937913,24.347810363862536,41.62744766181303,33.12431679486816,17.279637297950494,2966.25,5.4648853812431595
B0007,112,24.0,1.5287603942958483,4.200351170622191,3.335626153934355,2.13627215665258,3.496089957852059,0.271483182584801,1.8885129340185376,24.143346223120343,41.552128441464966,32.991553593266204,17.408782218344623,2956.359,5.443512988157579
B0007,113,24.0,1.5289260249179843,4.201791474587699,3.330409249627142,2.0938572364769055,3.495877119417779,0.2745316604198063,1.8888280889155629,24.39231898986203,41.839167194182565,33.2318318845246,17.446848204320535,2956.344,5.444307341097111
B0007,114,24.0,1.529091650133123,4.20049747493448,3.3206227363539624,1.9959465760122976,3.493116071455022,0.2817618222544089,1.8888109089947784,24.672067025619615,42.23998716092915,33.5098123920945,17.56792013530953,2956.406,5.441182379748626
B0007,115,24.0,1.5239059324661248,4.2002005229611115,3.325515911717548,2.0305769860653866,3.492655946458748,0.2790430308549019,1.888168080257056,24.56852628281145,42.04090238497712,33.382402850667845,17.472376102165672,2947.266,5.421918988770977
B0007,116,24.0,1.5186675419100617,4.200674971032527,3.333109444153607,2.0758803797636745,3.49208824531703,0.2761335994927761,1.8879294129270705,24.34305560390618,41.803429062834496,33.17829959346276,17.460373458928316,2937.984,5.402074304203918
B0007,117,24.0,1.5136482266426952,4.200371214024706,3.3357107086010784,2.0793549048242492,3.490216477408044,0.2758276886812699,1.8877500770150009,24.102975818508018,41.6886924602386,33.01591345323486,17.58571664173058,2929.125,5.38163506298379
B0007,118,24.0,1.5136050185229033,4.200965645223048,3.33093981123572,2.0585109366080414,3.490593195862046,0.277468540309286,1.8878121701005244,24.36377918362768,41.98817160118213,33.271000362987586,17.62439241755445,2928.454,5.382167848540123
B0007,119,24.0,1.5139470614867965,4.20138339090339,3.325286281364161,2.0253107306977376,3.4911419366203664,0.2798972380490622,1.8876928991276465,24.75194443636669,42.33252236723314,33.61966967517867,17.58057793086645,2929.375,5.384801675737266
B0007,120,24.0,1.5339599193158786,4.192472918500566,3.275520043283547,2.0069579017420067,3.49283645226053,0.280648377364394,1.9010239453576765,24.961870263662043,41.63553796804361,33.29697162630193,16.673667704381565,2946.031,5.456855397343847
B0007,121,24.0,1.5391372798653098,4.204602036514753,3.308772267470376,2.19792648712031,3.5025157522808223,0.2689584358507598,1.8951387117061615,24.95211336056763,41.470498076928735,33.393130865360554,16.518384716361105,2955.438,5.471447192534328
B0007,122,24.0,1.5236247972838737,4.2008675427725715,3.301562663091317,2.029941519657255,3.492953565598811,0.2795996279931968,1.8941605693797292,24.596043710176417,41.54038193238441,33.13820710362847,16.944338222207996,2937.625,5.421260505402817
B0007,123,24.0,1.5135813035589147,4.201036137691208,3.32941289444089,2.117150391576778,3.4917462636517236,0.2735087098161375,1.887517618415688,24.21295183077047,41.13947017697289,32.84069778843796,16.92651834620242,2929.078,5.383917083795636
B0007,124,24.0,1.5077850749847914,4.200512464044564,3.3330073089590666,2.1309899052747716,3.490432264232957,0.2729068935891816,1.8871483333452153,24.083470327760516,41.09041922644824,32.75739655594484,17.006948898687725,2918.375,5.3610987462604935
B0007,125,24.0,1.5031960676037333,4.20075828356334,3.3472440649292157,2.1294318317485654,3.488861416967918,0.2728699120961805,1.8807767614744104,24.06336388722212,41.10034021580957,32.77234087259374,17.036976328587446,2919.812,5.343310353999166
B0007,126,24.0,1.497822059699588,4.200439147859412,3.3383192077980985,2.164511453629433,3.4891932104785104,0.271143437261768,1.8864406837331464,24.014672446811392,41.03075447325996,32.720417557744895,17.01608202644857,2900.422,5.324161013608342
B0007,127,24.0,1.492848534633516,4.200175952944827,3.3540043455800244,2.1743012710834013,3.4878785713375917,0.2703696312843611,1.8800416304859324,23.993235339666544,40.99688397371006,32.710022803073514,17.00364863404352,2901.375,5.305115004388002
B0007,128,24.0,1.492414389867026,4.1998304414305805,3.3701802702751755,2.1928976284966537,3.486430546073901,0.2689857507962565,1.873350316923088,23.86413247301575,40.88481342461614,32.62076759783716,17.02068095160039,2901.187,5.282982492286843
B0007,129,24.0,1.487482776538081,4.200431276110757,3.34604333393751,2.0298495899147295,3.481257277522668,0.2805884049743061,1.8797045920181357,23.796556329674623,41.09400879501426,32.576518262552014,17.29745246533964,2891.64,5.2768323677167315
B0007,130,24.0,1.482535148640411,4.200267835972742,3.351868703717653,2.0959492247836815,3.4823550791204023,0.2757345575864043,1.8790771964585375,23.788802856443375,41.01377835587309,32.58396494906228,17.224975499429718,2882.906,5.2607533219079485
B0007,131,24.0,1.4827874322228984,4.199800510212378,3.37126103928545,2.177723491219515,3.4835074286280525,0.2702230568822358,1.8728827201349671,23.82871891762843,40.90635248178393,32.623742674615976,17.077633564155498,2883.265,5.244601040940465
B0007,132,24.0,1.476971179775059,4.200436806124781,3.363638143826266,2.056251340337525,3.478976541530706,0.2785599820113761,1.8726821517266896,23.749697025149903,41.06596192416311,32.58599202496769,17.31626489901321,2882.969,5.236702371876375
B0007,133,24.0,1.4819015554137276,4.192977250583526,3.358875203139184,2.1512510632923165,3.483501191305966,0.2710187642003124,1.872769806970048,24.458054583078173,40.84520330629611,32.864544723781215,16.38714872321794,2891.656,5.2615001542053506
B0007,134,24.0,1.4981366198874824,4.203006821509607,3.342159118711169,2.169369907364203,3.4899701994096612,0.2716515037379008,1.880052609562181,24.575871874910508,41.12807910254104,33.079651096902374,16.55220722763053,2901.25,5.309128082147545
B0007,135,24.0,1.4820775214392872,4.2020493515195,3.3565594399139247,2.116759239247948,3.484801138956006,0.2744248030587602,1.8730803637891615,24.33765923587198,41.094988453128494,32.932141650182686,16.757329217256515,2891.703,5.264024064665989
B0007,136,24.0,1.4771155312812152,4.200086642861885,3.3536423529046835,2.009424225590032,3.47835437960934,0.2818515847566123,1.872593579883026,24.089617250967716,41.11877573165318,32.755748003791545,17.029158480685464,2883.016,5.237249791138279
B0007,137,24.0,1.4720772783056488,4.199613315582274,3.3568006007742333,2.0034792344341588,3.475694933923807,0.2821225408880851,1.8724797349992208,23.77234297368613,40.980034990626955,32.52965474617847,17.207692016940825,2873.453,5.215196688731701
B0007,138,24.0,1.472248013656454,4.199843161074874,3.377870432421932,2.172988732474185,3.481431873453954,0.2703184554504022,1.865968723158606,24.132273951765335,41.017509953482886,32.848065199041,16.88523600171755,2874.031,5.2056982980811926
B0007,139,24.0,1.4670106672274663,4.199963386133198,3.3707190923138297,2.087464676179042,3.4796060336232353,0.2760443341294343,1.8658199135269655,24.398489581288885,41.299420742573055,33.072327061961936,16.90093116128417,2874.234,5.204239647506824
B0007,140,24.0,1.461767249533538,4.200169604165679,3.3763359727220545,2.110564313669325,3.47822589673296,0.2746745581820133,1.8654929805746872,24.15787591865575,41.105738037939375,32.85096451719535,16.947862119283624,2864.984,5.183086991629311
B0007,141,24.0,1.4566952670489708,4.199818547927513,3.3771082923856097,2.0724687293779813,3.4743233868367187,0.2773685437531875,1.8651572711615223,23.833084099928943,40.87704013237699,32.57230232995455,17.043956032448047,2855.093,5.159398601553586
B0007,142,24.0,1.451354972758956,4.199503884475213,3.394007023604369,2.1253826973270513,3.4737305453330443,0.2735040903000701,1.8585270477249944,23.613836363374315,40.730219862268235,32.450684441760906,17.11638349889392,2855.625,5.139631324826036
B0007,143,24.0,1.451615926257375,4.199909919375289,3.3898074174795547,2.1147331324879475,3.474812723214051,0.2741189658808238,1.8589284752853457,23.88537512458738,41.03226257370644,32.7394359440147,17.14688744911906,2855.594,5.142634517149567
B0007,144,24.0,1.4468161332173683,4.199494444978369,3.3952983014087663,2.1738445330859366,3.476096426841386,0.2707101067699333,1.8582313740431635,24.02645788368703,40.89527781087817,32.775898242252914,16.86881992719114,2847.437,5.127232456586971
B0007,145,24.0,1.4467570607768785,4.200374694478377,3.3858376143595152,1.9947266977360072,3.4686822529487804,0.2832693778438166,1.8581243414426252,23.75894434400727,41.02491521192672,32.5817324044051,17.26597086791945,2847.36,5.11706837942724
B0007,146,24.0,1.4413797481446793,4.199552965128597,3.3898811613377484,2.0033802121225017,3.4661964701943586,0.2821947324675514,1.857743680640212,23.458006651239486,40.815968345794715,32.35021153014993,17.35796169455523,2837.328,5.093883026809433
B0007,147,24.0,1.4362456252208178,4.1995329856924615,3.4073421752557596,2.116470909151213,3.468183423895935,0.2740329443201372,1.851279547247487,23.320483522668617,40.65138669632271,32.28754240914786,17.330903173654093,2837.281,5.078538544844806
B0007,148,24.0,1.4368154153924828,4.199300346769649,3.400524264032214,2.051877342511651,3.4678606629897453,0.2783171055410068,1.851456874711071,23.67192071435474,40.965385542419945,32.603239183227075,17.293464828065204,2838.515,5.0808075003639335
B0007,149,24.0,1.4362945145860049,4.200084247735837,3.387847710477503,2.003221375307111,3.4662499547181245,0.282385242428913,1.857456774483957,23.703251528067923,41.11319128215138,32.61208344144242,17.409939754083453,2828.328,5.076716334479655
B0007,150,24.0,1.4418575315878015,4.18985671710645,3.3798450546195107,1.9865974995249176,3.462469269360201,0.2818819841696324,1.8578494984920149,23.32719332912165,40.78738321989129,32.26742656599958,17.46018989076964,2838.265,5.090821984413499
B0007,151,24.0,1.4672063484781797,4.202364184888896,3.3659558392373436,2.1908121182442706,3.480518309485383,0.270428573348554,1.865866771273196,23.980156385315755,40.73001188190229,32.637733704417855,16.749855496586537,2864.547,5.187700169643942
B0007,152,24.0,1.4518640367848883,4.199161217470434,3.3610293799331203,2.033261415031626,3.4723137993738336,0.2802109931464831,1.864786682052692,23.91927093515108,40.990354594470126,32.665258715232376,17.071083659319047,2846.39,5.140778806030942
B0007,153,24.0,1.44713797527485,4.199571972228311,3.388753259523979,2.19135439601875,3.474362108592906,0.2695426070546689,1.857949982623541,23.750323116940574,40.62521315513875,32.502652632323915,16.874890038198178,2837.969,5.10765999483182
B0007,154,24.0,1.441790586562399,4.199909046615677,3.4010627300929737,2.1840705012733683,3.4722823212388754,0.2699344065566691,1.8512445938350377,23.632274191626728,40.58944296824891,32.446842086875606,16.957168776622183,2838.156,5.085841638676288
B0007,155,24.0,1.431630947911111,4.1991089309985306,3.403129377479551,2.1664368343684446,3.4701761898320465,0.2710858021641952,1.8509121480960296,23.53981212995311,40.584393586876246,32.39361892904713,17.044581456923137,2829.843,5.065575565241511
B0007,156,24.0,1.4318084249673686,4.199049111453085,3.3918482072725205,1.987193667465448,3.4635011119445216,0.2832898045943784,1.8508582746706244,23.50487454690601,40.884444140401214,32.417221778010834,17.379569593495205,2829.625,5.057915257246365
B0007,157,24.0,1.4262562585106868,4.199648027535327,3.402983452982521,2.1314172797434523,3.467453100453348,0.2734041808329979,1.850448167143934,23.543186896190676,40.65159637790841,32.40094040453025,17.108409481717736,2819.437,5.042934270979153
B0007,158,24.0,1.4260877528924911,4.1991931757384515,3.4181159643802896,2.188995882590831,3.4675864728547845,0.2695141803952856,1.8436986954785053,23.46586744951261,40.53138082339522,32.36314241861482,17.065513373882606,2819.579,5.02354258517458
B0007,159,24.0,1.4212633510031694,4.199053572226856,3.3989491882730096,2.0322464946417114,3.462182535852444,0.2801600866578969,1.8499114068945497,23.442353018738803,40.821433488540606,32.382600705235255,17.379080469801803,2810.672,5.018374205329639
B0007,160,24.0,1.4163272748795108,4.199752520423331,3.417481499281654,2.1695130053947387,3.465962999117945,0.2708827931569411,1.8433052525030065,23.504429518319206,40.643362943412974,32.4323818014572,17.138933425093768,2811.485,5.00602025669079
B0007,161,24.0,1.4165781829175994,4.198626890887624,3.3973259676404037,1.9917978280585305,3.4601727514874407,0.283205640150527,1.8494704084408728,23.538505739106153,40.97063567014205,32.4886182994049,17.4321299310359,2802.422,4.999351185861967
B0007,162,24.0,1.4108401729425175,4.199235005181635,3.417693830341496,2.1534486462617073,3.464226115253961,0.2718094069576828,1.8426518730090404,23.597652622095257,40.74888323397497,32.524062377970175,17.151230611879715,2801.625,4.984342512615656
B0007,163,24.0,1.4109949628347804,4.198721860377262,3.409762325973159,2.0101572712330453,3.458799193390812,0.2815424871225148,1.84273404467112,23.51036215187022,40.93461596721165,32.482615965621896,17.42425381534143,2802.031,4.977882562770953
B0007,164,24.0,1.40617142903988,4.199365090380556,3.4184683760945394,2.132718741006573,3.4620805499710854,0.2733820368325612,1.8422546341563224,23.504698357399786,40.74175890345818,32.46389583182878,17.23706054605839,2793.39,4.964795253299911
B0007,165,24.0,1.4063358479692922,4.198808934372819,3.410207417331352,2.0114763339798887,3.457878294903451,0.2814693412732219,1.8422801054282003,23.555518771498985,41.00964443691023,32.55681404542561,17.454125665411244,2793.39,4.96017483505558
B0007,166,24.0,1.4004552399066514,4.198421699164089,3.4288993052838492,2.1610456063312298,3.461590937144894,0.2711287554522599,1.8356178787001052,23.595817643467868,40.80558697887537,32.576296430484255,17.2097693354075,2792.485,4.944160349782614
B0007,167,24.0,1.4217865046055154,4.188842911449222,3.372148496187205,2.0143553387267827,3.462906230864041,0.2816361889661913,1.856105838135471,24.491389299731516,40.92586026351328,32.81804879809979,16.434470963781763,2802.016,5.022533721006542
B0007,168,24.0,1.4324552720625434,4.205067189469255,3.383856648869605,2.1732119934933296,3.4753580425264796,0.2747384382111585,1.8574525637904344,24.737923198971707,40.57390100608222,32.92941193334214,15.83597780711051,2820.39,5.076871747570432
B0018,1,24.0,1.8550045207910817,4.188108651124536,3.0532303394443336,2.4721608434600437,3.5275462263272543,0.2356155544529411,1.9542109199809996,23.8195202516044,38.10180309676608,31.773285281389256,14.282282845161683,3434.891,6.605962018502888
B0018,2,24.0,1.8431955317089987,4.18651605270106,3.0882001701258264,2.4114381994148304,3.534835576186522,0.2378965678417878,1.9474911909917816,24.314787074430125,38.14987995994155,31.92489159472864,13.835092885511424,3425.485,6.580582365559429
B0018,3,24.0,1.8396018424355425,4.188811210133346,3.0768576543441712,2.394395968141027,3.5382465961594427,0.2372897126120676,1.9520851377838424,23.74389424918881,37.5266914843442,31.31691283374216,13.782797235155387,3410.375,6.572161523569824
B0018,4,24.0,1.8306736044962053,4.188875360300162,3.102423910252407,2.3999481734774424,3.537697945111872,0.23668744588745,1.946124428336899,23.227856809949373,37.06279237079503,30.821190751176527,13.834935560845658,3404.719,6.542093183191507
B0018,5,24.0,1.8327002069419656,4.189872293159027,3.117644174420054,2.3851461229395867,3.542667604586918,0.2394353252581165,1.941296553298507,24.42206822884841,38.2110354381278,31.95346971511436,13.788967209279392,3417.641,6.561620264861134
B0018,6,24.0,1.8285288846046388,4.190288371391284,3.114007318732072,2.3716770708389117,3.545103733047733,0.2411075275244998,1.940081322071115,24.695286535085184,38.17496505957075,32.02311236185272,13.479678524485568,3411.766,6.552347173139052
B0018,7,24.0,1.8212011895697924,4.190037536076311,3.1692830921950352,2.4964491577040793,3.5475142438631493,0.2318511800008401,1.9336087087327076,24.31366014142129,37.64038685475582,31.634533158077694,13.326726713334526,3399.516,6.510935282119033
B0018,8,24.0,1.815170010643328,4.190297406725935,3.1646802675456325,2.4374506721131883,3.544812433691423,0.2359561532347725,1.933297862328721,23.917267950078497,37.37602884738843,31.28819492159572,13.458760897309936,3388.75,6.485516195788007
B0018,9,24.0,1.8042980520967649,4.188312445698188,3.1668909591239487,2.4152206992194847,3.5434780274164095,0.2368262064769387,1.9326277820604825,23.654641102277676,37.28928029078695,31.11122470608501,13.634639188509272,3380.406,6.46432844294817
B0018,10,24.0,1.8231002302844224,4.191467835993785,3.14417553147664,2.377432309524995,3.543133206790044,0.2397794991641069,1.9387908075093483,23.598003231352457,37.52377766578506,31.13166983979621,13.925774434432604,3404.141,6.529319464894373
B0018,11,24.0,1.8121253520255496,4.190699409462101,3.163511863010266,2.3887487262583647,3.545155146280937,0.2394912052033424,1.931966460301085,24.128289583549112,37.72420412562674,31.51305775907457,13.59591454207763,3396.141,6.496434356527787
B0018,12,24.0,1.8046916382117768,4.19016920493495,3.1974525364121273,2.432289857016922,3.545032366549762,0.2363654368710538,1.925061300186587,24.010997010837933,37.41366095304306,31.31102568785445,13.40266394220513,3384.094,6.450869402096179
B0018,13,24.0,1.790844349786295,4.189633938587357,3.234382458426959,2.497495633221204,3.5440892170496827,0.231523097251694,1.918053161192336,23.554546705686526,36.94724908852665,30.893964711700164,13.39270238284012,3370.656,6.400083103443723
B0018,14,24.0,1.783470722841926,4.188143316830064,3.241810891419118,2.478768686108376,3.541317108618481,0.2321599725190285,1.9174273940216064,23.09050168217513,36.707091312059944,30.540598970902945,13.616589629884814,3357.797,6.368777476901511
B0018,15,24.0,1.7809386125310702,4.193543208571066,3.227333797828033,2.385849407868021,3.541197979542517,0.2398484874153809,1.918118110064441,23.303545495488407,37.13061214416645,30.82566018736547,13.82706664867804,3363.015,6.381690886205913
B0018,16,24.0,1.771209039672698,4.190238041929225,3.238447609004798,2.372854084449551,3.541255460524434,0.2410751546863414,1.910662175289524,24.000119916961825,37.686600065941576,31.451400678644536,13.68648014897975,3357.734,6.350066328397916
B0018,17,24.0,1.7686303996707076,4.19075698083662,3.252365295673925,2.4086912736769084,3.5427478949705886,0.2385161329146751,1.909473949995673,24.23041646524131,37.633580732302406,31.518847747922937,13.403164267061095,3344.187,6.322285557135763
B0018,18,24.0,1.7536304801917124,4.189715378549557,3.2983555817913413,2.496331992137246,3.541251093602656,0.2320883101405075,1.8961919320059224,23.79566158754756,37.15252578645951,31.11237289077096,13.356864198911952,3339.969,6.2667112073785995
B0018,19,24.0,1.7462197416415093,4.187635645163932,3.29909945338278,2.4199896352919668,3.5350260562177453,0.236367912127833,1.8949909147363193,23.127324953354822,36.78829001793698,30.586452588663985,13.660965064582156,3327.641,6.22985512656435
B0018,20,24.0,1.7376647337053737,4.191004692440202,3.28291220363392,2.3587321881999297,3.5326627624319777,0.2416685170181151,1.900306537433319,22.780967262070934,36.541146197392216,30.242913021104116,13.760178935321282,3312.844,6.215980766885244
B0018,21,24.0,1.7315166735475835,4.1906972904216495,3.3143599232411147,2.4458096660548825,3.5333109441755526,0.2353392099181246,1.893753252957176,22.582383910882054,36.372087786130464,30.10270376338569,13.78970387524841,3302.031,6.1737717556676035
B0018,22,24.0,1.7085949894470602,4.185877977731026,3.3370959869036043,2.3808537751929744,3.52738705832889,0.239003879665238,1.874059169656162,22.714077867822585,36.52608510498833,30.251184852221932,13.812007237165748,3305.547,6.107633814569133
B0018,23,24.0,1.711469957068211,4.1877866486247814,3.3453964577303217,2.436955746154759,3.5296025965720452,0.235874872751035,1.8792679725699228,22.661790233729448,36.476252762052624,30.212407704391104,13.814462528323176,3289.562,6.097844923269956
B0018,24,24.0,1.7075021373272627,4.188166619589718,3.3565387762510492,2.4671365731790713,3.5289707694229833,0.2340042382625828,1.8781179185820256,22.508167425430855,36.377208902376694,30.125011009636175,13.86904147694584,3283.797,6.0821130116730355
B0018,25,24.0,1.7492382064360228,4.18962510592865,3.2912719461365696,2.4129371999368505,3.5322741848919814,0.2385847166505053,1.8994255210827664,22.617913881565325,36.64000948247426,30.22428629982563,14.022095600908935,3325.235,6.235171287589187
B0018,26,24.0,1.7327697147429957,4.190150750158746,3.2997248344053327,2.3497771039810256,3.532438322521663,0.2435419818393611,1.8927442392596563,23.430543376853603,37.38165499248184,30.976376254737342,13.95111161562824,3317.547,6.20145895173365
B0018,27,24.0,1.7222313328292376,4.188938785525361,3.343787628182352,2.4904700018477026,3.5363211310943603,0.2339338166813496,1.8784657143180257,23.96694651085336,37.59824760372582,31.415702913300983,13.631301092872455,3311.766,6.1492329208437795
B0018,28,24.0,1.711846298984729,4.189390534407286,3.3582081904036225,2.4650908929255406,3.533535274219931,0.2359904036028266,1.8709273444688057,23.964353015629015,37.560555155163414,31.383299841535273,13.596202139534398,3305.218,6.108755155903539
B0018,29,24.0,1.699267835126687,4.187469981494586,3.355478058526174,2.363133281953362,3.527012841842043,0.242952334807339,1.869833775048847,23.6339187969928,37.52114200586718,31.16793782625364,13.887223208874383,3295.453,6.075430039165749
B0018,30,24.0,1.6940366439243106,4.189526036667409,3.380671602671067,2.4790616361836206,3.52925730014011,0.235625961705925,1.8624408195732676,23.484878569481495,37.21887096740918,30.994690437264207,13.733992397927686,3287.0,6.037509837885094
B0018,31,24.0,1.6819027078768087,4.189776104976122,3.395570490004556,2.491905723274248,3.527821497534469,0.2348918872075118,1.8548677904045765,23.470322857025764,37.33441415744885,31.05531797855489,13.864091300423084,3276.922,5.992479210089513
B0018,32,24.0,1.6769770618433686,4.18957367163095,3.3912998226028717,2.4337177596826547,3.525692957415014,0.2396414257066782,1.8539547618996213,23.77351349306479,37.7331798444306,31.373945543706103,13.959666351365811,3268.687,5.972643333649455
B0018,33,24.0,1.6655229306478936,4.187796162769597,3.40404682054735,2.4424506461535755,3.5243962482347273,0.2390673075680144,1.8458129961867056,24.001463155521233,37.84649344841882,31.56128410753226,13.845030292897588,3260.594,5.93026050641018
B0018,34,24.0,1.6571924575832084,4.186323146159568,3.4188294015011356,2.4383419399858552,3.520797576383474,0.238980222406237,1.838364779839894,23.697189900442215,37.670164941661795,31.31847472390287,13.97297504121958,3258.812,5.894184369491583
B0018,35,24.0,1.6482241555294048,4.190101801118757,3.4148501288729167,2.4157245398944123,3.519457281260753,0.2424910982322855,1.8436169601332797,23.49179976195788,37.53185198546868,31.104012325043943,14.0400522235108,3243.422,5.882001220236545
B0018,36,24.0,1.6387701497987262,4.1897711138434275,3.4160219995907752,2.323395712524894,3.513165600287965,0.2501534875196626,1.8371621051457112,23.32300480299531,37.593333753421376,30.989730398009076,14.270328950426066,3236.515,5.841060655204536
B0018,37,24.0,1.6276486907262062,4.188259618341401,3.455015988846071,2.4985039496028567,3.517217159454334,0.2360542563715132,1.8212842869006975,23.252438684811104,37.361410110678264,30.967851972472324,14.10897142586716,3230.734,5.781689327753662
B0018,38,24.0,1.62215370227252,4.1897400575765795,3.4362811914108287,2.350237238739749,3.5120091114107965,0.2480156417366742,1.8271648718054267,23.49348587961343,37.899803246715464,31.285342046153826,14.406317367102034,3222.093,5.778619557206314
B0018,39,24.0,1.6140066510467586,4.185842588877271,3.4449973202642243,2.3337740352348813,3.50911052654104,0.2487275525965154,1.8191728083237904,23.654430208683586,38.03149707759718,31.41096207271253,14.377066868913596,3220.344,5.74533972233902
B0018,40,24.0,1.6760516154424625,4.188990469498749,3.3362824494788916,2.317647291087635,3.516106699716392,0.2523387804840423,1.8694837461066784,23.01653902765608,37.42220155418978,30.755137125871208,14.405662526533703,3250.75,5.977868330426037
B0018,41,24.0,1.649300642552199,4.186586244011676,3.4069101290337938,2.492394514304757,3.519010068254593,0.2380195060159728,1.8398837087631792,23.38270318088717,37.32511174435206,30.977446633931525,13.942408563464888,3239.344,5.864258554154769
B0018,42,24.0,1.63238299185809,4.18930134713925,3.408535628749042,2.372828310153791,3.5124212742229295,0.2476402791147724,1.8381164059202344,23.15402261256221,37.31088262198154,30.800512192698992,14.156860009419333,3222.25,5.816938623399513
B0018,43,24.0,1.6164159719025777,4.188312148100683,3.4246186294517535,2.3560703177076867,3.50815215295169,0.2486881467043359,1.8297880104809248,22.88528576405917,37.23234655688736,30.616192795676135,14.347060792828188,3206.157,5.753148435846384
B0018,44,24.0,1.6109028378249377,4.188643751129736,3.4510403338526534,2.4644431530094417,3.508648568515266,0.241247488922931,1.82122669803866,22.56634750757244,36.94850857727268,30.399839302766903,14.382161069700242,3197.969,5.7088449721131855
B0018,45,24.0,1.5954638693695655,4.188511398241968,3.4471277889322587,2.4195167274486726,3.5051993439595477,0.2454833870794045,1.8200511638153392,22.55263487241605,37.002663545357386,30.38386825126278,14.450028672941336,3181.625,5.672315619450728
B0018,46,24.0,1.726707440085764,4.18838458205872,3.153251691766954,2.3422406504312434,3.523165280193865,0.2527663680637224,1.8952650812503176,23.125008977470344,36.71025442949399,30.576239500422748,13.58524545202365,3302.36,6.173320133237786
B0018,47,24.0,1.7165673917429751,4.189410028494153,3.22099960221937,2.3755467142668496,3.527269876472835,0.246917614915635,1.886853756537596,23.408964388688208,36.72807623650589,30.705906284556665,13.319111847817684,3285.812,6.121258388039251
B0018,48,24.0,1.6958235570934848,4.189584987657955,3.2795343095128255,2.4146291375325917,3.526762654741574,0.2419722888164383,1.8788753959478912,23.28024615984991,36.72959308355185,30.62583594950684,13.449346923701938,3260.016,6.044040750026432
B0018,49,24.0,1.6777783190792557,4.189231124368519,3.312914061922747,2.3844645496129964,3.5230201794761045,0.2432804093836515,1.870603793658712,23.204613887257448,36.787462351640364,30.597357068657978,13.582848464382916,3240.031,5.973690029167934
B0018,50,24.0,1.6606586897774192,4.187220872463777,3.3472010348392622,2.398646371281655,3.519792345798265,0.2418489989676324,1.8563433115641512,23.123962296896927,36.75689163314213,30.528493896066266,13.632929336245205,3232.265,5.908261501768427
B0018,51,24.0,1.6664109274827466,4.188749835624864,3.341784146218493,2.4557130111721626,3.5251014582287223,0.2393983363584046,1.862585561392643,23.773481587876255,37.350157630970955,31.20375424610397,13.5766760430947,3232.031,5.9365158337472534
B0018,52,24.0,1.6468336174407805,4.1885837620106905,3.3409538026606818,2.323665882820083,3.518519199837846,0.2489550299081238,1.860827599943594,23.734039908264887,37.48126030855565,31.172639449335033,13.74722040029076,3209.5149999999994,5.880005908742284
B0018,53,24.0,1.6257639928779952,4.185795508701974,3.39385721106257,2.488054079510012,3.5190801794284594,0.2364897838479307,1.8386717524299487,23.55967484545823,37.125443897626305,30.96825922704022,13.565769052168076,3196.125,5.783159680294192
B0018,54,24.0,1.6121577411874597,4.186349697160328,3.379431086342454,2.3306937114568003,3.511416727290241,0.2487426401752459,1.843950259203208,23.309630707025253,37.19112571388883,30.82170430634313,13.881495006863576,3172.562,5.7457653853866315
B0018,55,24.0,1.6057366823755344,4.188974252739847,3.4005755999684046,2.389399831578687,3.5108038681605738,0.2451594140795012,1.8363611899628556,23.143976887539058,37.17642722353301,30.765219721637393,14.032450335993952,3172.735,5.720893468745205
B0018,56,24.0,1.673645314879889,4.191009849984344,3.3138636321820396,2.4864200723178747,3.51432611790755,0.2423708210517989,1.8647983585269596,23.09477432289916,37.11936678632194,30.809988428281613,14.02459246342278,3238.109,5.949175248640903
B0018,57,24.0,1.6404348572349936,4.190360332340617,3.3517763797483044,2.4673631110639858,3.5196664048265607,0.2418347331031089,1.8573844598978848,23.56722203053731,37.2702464066457,31.03903359070028,13.703024376108388,3191.063,5.835627280250447
B0018,58,24.0,1.6132653317422077,4.188957308830069,3.3676008246193447,2.375173080957567,3.512403849382274,0.2483104432772974,1.8484570483918756,23.541307964731843,37.39550861947664,31.04176453157222,13.854200654744794,3165.828,5.751919252855697
B0018,59,24.0,1.5920964324686278,4.185868202467219,3.3877431597098138,2.371626022111289,3.5077862234460104,0.2479851087280629,1.8393054301836187,23.388309543266857,37.378956702246384,30.95978419551177,13.990647158979527,3140.407,5.669096434525153
B0018,60,24.0,1.5866011820698824,4.186767544001663,3.4160493489165225,2.463955873060647,3.5076596102713244,0.2417651320055898,1.8305065982985735,23.16774870033671,37.245718322158105,30.843513277103145,14.077969621821396,3131.922,5.624144533946231
B0018,61,24.0,1.580076649033625,4.189516120969907,3.42147245050033,2.475545296633258,3.5074833565874615,0.2423794197950216,1.8293412804363796,23.120310509686572,37.21755583353321,30.797157400797865,14.09724532384664,3121.109,5.600307583796687
B0018,62,24.0,1.5641732953289167,4.189677075178088,3.4158832488116646,2.3791563087604626,3.5023865933440717,0.2500612682534017,1.8279512192885508,23.286391255189265,37.56150979821064,30.984434580754098,14.275118543021378,3105.265,5.560732362380677
B0018,63,24.0,1.555618272193922,4.188889298039903,3.4412663031911563,2.4776158338943337,3.503693493885047,0.2429305187393591,1.8189271458622256,23.28422860040017,37.4174791317661,30.96789927513994,14.133250531365931,3091.25,5.507197042856149
B0018,64,24.0,1.5402045278637395,4.187751736524715,3.440421318342616,2.4205549690097223,3.4989948462048113,0.2475754252809492,1.8173207359406969,23.22385871065304,37.55101533655474,30.976616345195183,14.3271566259017,3076.703,5.469315485213863
B0018,65,24.0,1.5321613015959863,4.186225024003278,3.445662321409105,2.415388497112405,3.495405576723954,0.2480665636873381,1.815903873114457,23.02720747705709,37.59895044072871,30.89768961926806,14.571742963671618,3062.328,5.434324950251752
B0018,66,24.0,1.5316232403693415,4.189453014691957,3.4388742210783456,2.3974205597873093,3.494528300232307,0.2513160708577573,1.8221864963215513,23.03161950591349,37.48923978216981,30.81568822237933,14.45762027625632,3050.563,5.4309238764549566
B0018,67,24.0,1.5222595950771978,4.1892977641056035,3.463845758540218,2.497752653580319,3.496255482779393,0.2440399550144117,1.8131228210611745,22.903021044448273,37.37911114363861,30.72618807915112,14.476090099190335,3034.672,5.37471767512795
B0018,68,24.0,1.5065267126851285,4.186554797123547,3.4607953148814765,2.3726090777895896,3.48769646191346,0.2526108335689955,1.8045932244909424,22.833484092130533,37.559604168615785,30.76818712651005,14.726120076485252,3031.25,5.331895052975833
B0018,69,24.0,1.5014219556532926,4.188205300947291,3.4579399600497065,2.36844257542991,3.486547580844067,0.2542197456881671,1.810119184556385,22.8678122181415,37.61805450748922,30.775415173787835,14.75024228934772,3011.343,5.312014823640776
B0018,70,24.0,1.4963534117486457,4.186295492358637,3.458624303365877,2.331968556073514,3.482298183882304,0.2567453685120387,1.8091687217485315,22.744197560931312,37.71101994346608,30.761821976538275,14.966822382534763,3003.0,5.287374234922091
B0018,71,24.0,1.5334262000312422,4.187384370589753,3.4143206767355756,2.4057755306304176,3.491819481711868,0.2523757254841878,1.827726853877921,23.009880638439665,37.767989299214086,30.913721930762733,14.758108660774422,3045.187,5.436208714403808
B0018,72,24.0,1.523845267514426,4.188734692927025,3.4412892879850094,2.4720838848798987,3.493995853241935,0.2478766162586878,1.8181357480526956,23.37267082755512,37.91919394450186,31.22821565316561,14.546523116946744,3028.469,5.379713882520426
B0018,73,24.0,1.501192099426124,4.185052457107169,3.4434979435076563,2.342731326096539,3.484377015629623,0.2563184923366143,1.8087318986371328,23.441726151732446,37.99328509003338,31.261679783387308,14.551558938300936,3012.937,5.310773441809406
B0018,74,24.0,1.492417671450291,4.187641016952416,3.4599209387521817,2.4198650452188226,3.4859116793558376,0.251780469218776,1.8068838629047144,23.297733780609985,37.984838024989045,31.18408593575448,14.68710424437906,2998.875,5.279709579156692
B0018,75,24.0,1.483323851940123,4.187899339921793,3.468314102545152,2.438879997223475,3.484278753976678,0.2508652563260822,1.8051301104523692,23.09943065879068,37.8288851383529,31.001432353085377,14.729454479562222,2983.547,5.243858090928581
B0018,76,24.0,1.4807376792294196,4.187928324239254,3.461167189335011,2.430465824271706,3.482988652120672,0.2527666120037829,1.8119470315792268,23.046923257528587,37.844837975501,30.981374033120872,14.797914717972414,2966.86,5.233204327309775
B0018,77,24.0,1.4735077809902477,4.18724908182,3.478026972161799,2.4907267597860656,3.483799876979844,0.2480283271358148,1.8022960362005227,23.115560307220743,37.8984610468502,31.088687926688607,14.782900739629458,2954.797,5.183890927326332
B0018,78,24.0,1.46801928526661,4.188269941964259,3.460131373135017,2.3678328028644775,3.4787540756450497,0.2581475506572683,1.8094290000039503,23.4240998983518,38.27784043980244,31.336420133762665,14.85374054145064,2945.735,5.183278072880585
B0018,79,24.0,1.458092355711902,4.188013057271598,3.4705286783940292,2.3532703553328904,3.4752194351784507,0.2587418006364251,1.8001710585950088,23.211014993257855,38.24434303919528,31.225999871035658,15.033328045937424,2941.375,5.1424230180807715
B0018,80,24.0,1.44786609888914,4.184406092157091,3.476629441262813,2.362897904778893,3.470739535801023,0.2577237129459588,1.7982783434087146,22.939223654274222,38.06956259266949,31.0373234886888,15.130338938395267,2923.953,5.0993276087973936
B0018,81,24.0,1.4527808777541982,4.1927676322495895,3.475822076913363,2.420200016704328,3.474600910003521,0.2561984574820731,1.8059082478297528,22.715597927537367,37.81744565252647,30.811349225731828,15.101847724989106,2921.031,5.120899324365471
B0018,82,24.0,1.4425356364492432,4.1877899337285145,3.490006746602984,2.472605886588914,3.4740521567700093,0.2512971706951936,1.796042127487646,22.816866662883296,37.902567770354786,30.93222317974605,15.08570110747149,2902.75,5.058976002881874
B0018,83,24.0,1.4392712877203313,4.187757134600847,3.491787123567605,2.483165462226557,3.475075728648004,0.2509904827066951,1.7951360727402537,23.155357372377185,38.16628336469349,31.215527070380897,15.010925992316306,2897.875,5.049124108611203
B0018,84,24.0,1.4286475681888218,4.1878615032964905,3.487044876202592,2.4341986830086237,3.472424307596416,0.254841042855599,1.7941739344584164,23.37238995985613,38.36789486715962,31.40079708433756,14.995504907303491,2892.094,5.033496738816558
B0018,85,24.0,1.4249026750004896,4.1858288716388214,3.504583247086097,2.497859027600416,3.471751102262539,0.2494978939608663,1.7843016718137397,23.11200906906441,38.19823604401131,31.259213269721236,15.0862269749469,2886.921,4.99263394945775
B0018,86,24.0,1.4698115324524124,4.187068171962331,3.4303014607858104,2.3747408457948316,3.4745407296058963,0.2595401980411204,1.813788499367627,23.11579516339377,38.099982807571635,31.134701292957462,14.984187644177863,2942.531,5.1868300247498516
B0018,87,24.0,1.4525819651050202,4.187577343783777,3.4405762245177645,2.3589340839760866,3.471720060423485,0.260516253498242,1.8110727721248212,23.265062951271577,38.214523782841354,31.246879695988095,14.949460831569777,2912.469,5.121465701979156
B0018,88,24.0,1.442834198908794,4.187354359976366,3.4678309729542223,2.4413266342198545,3.4713984098288235,0.2544263229056697,1.800843536656487,23.027044613835702,37.939696536164234,31.027558674438325,14.912651922328532,2895.594,5.059347416368817
B0018,89,24.0,1.428376058807949,4.1870004112881345,3.46373200309395,2.311419659807122,3.46264910889707,0.2638593220958803,1.7987451761291422,22.78902352526249,38.06666733482501,30.931917385258963,15.277643809562525,2884.406,5.021651981795045
B0018,90,24.0,1.4154547844370715,4.183339938829854,3.501682834204815,2.4953159238201255,3.466072725920186,0.2494437974542666,1.7805436810978414,22.47935333131366,37.63260475617888,30.667082236656015,15.153251424865218,2873.766,4.951975257661115
B0018,91,24.0,1.454576670077708,4.1920532879108094,3.4458804859914856,2.4398479869382084,3.4730670533412877,0.256998603773989,1.816778986044004,23.1537965557498,38.18223603956323,31.226789107710772,15.028439483813427,2893.375,5.104231977944415
B0018,92,24.0,1.4283179548274056,4.186468489789535,3.4602213459092295,2.376538319699514,3.4668548162926327,0.2594057712811112,1.7982196580886105,23.299987417730907,38.3907466519188,31.387733116648285,15.090759234187896,2884.9839999999967,5.028683895643796
B0018,93,24.0,1.4197026883204058,4.18673673325988,3.4653800729248636,2.3722299202290382,3.46527367520258,0.260048576731528,1.7965749976228835,23.439817897520783,38.51622654624205,31.50566683829289,15.07640864872127,2870.234,4.996033442247438
B0018,94,24.0,1.4155606630306516,4.187094944339141,3.4695766912945536,2.361475505115684,3.4638878223448684,0.2614012721012322,1.7954761404060116,23.52414825084503,38.56612180540248,31.5462258449116,15.041973554557453,2864.11,4.979366123500387
B0018,95,24.0,1.405680035419228,4.1842071071870395,3.4708976588878513,2.317937855025735,3.457807923440064,0.2637843275246903,1.793869219146701,23.175156739612486,38.5606541602861,31.389977882297476,15.385497420673612,2846.64,4.935547920870073
B0018,96,24.0,1.4084461071166137,4.186203003591801,3.463695994913882,2.3372859753156225,3.459813554486507,0.2640184979343566,1.801499541138348,23.290068110806875,38.53842073636507,31.385433749863733,15.248352625558194,2839.532,4.948010182921011
B0018,97,24.0,1.3968547782872414,4.187034228023883,3.476025252893392,2.3528810264952194,3.458027727779737,0.2624021548644072,1.7916225516906057,23.25714487401681,38.548873480234754,31.423707199142054,15.291728606217944,2832.703,4.904426586080181
B0018,98,24.0,1.3935670371440676,4.186702452011757,3.4959869797550738,2.4646122144537173,3.4613996718507845,0.2543634827295897,1.7818723066157318,23.25643130784119,38.45838357496903,31.435368910968148,15.201952267127837,2827.077999999994,4.870612836303778
B0018,99,24.0,1.3893644292809475,4.187149487048271,3.4984865251121677,2.4684655225527004,3.4611285476693214,0.2545140042760805,1.7798215335831953,23.41798464988467,38.54382874673793,31.542375291159843,15.12584409685326,2821.531,4.855412859991152
B0018,100,24.0,1.378565141566671,4.1851927389272,3.4901229858478673,2.4092923539400735,3.455556822823358,0.2589834605607093,1.7857845674580486,23.254719064839176,38.650883957434026,31.52669677306915,15.39616489259485,2805.156,4.836060447040051
B0018,101,24.0,1.384901110085747,4.186507115127164,3.5002914337238367,2.477625480372779,3.459598362944341,0.2543532391096489,1.7784697702070318,23.27530353843936,38.45654834997334,31.435921914290375,15.18124481153398,2814.906,4.836883056629451
B0018,102,24.0,1.3703251814242443,4.184557643390084,3.488365679744425,2.335608852853518,3.4506569891269216,0.263423300497629,1.7779631110390546,23.18183250077672,38.6564130442344,31.475238112886498,15.474580543457677,2801.156,4.801300092956453
B0018,103,24.0,1.3733464385229082,4.187087122858351,3.4996632718023593,2.441999086782534,3.455515243082573,0.2569366308625665,1.776571638758199,23.347201662807525,38.655587491253975,31.5817445550721,15.30838582844645,2794.187,4.791357303593649
B0018,104,24.0,1.3679487285504814,4.186108406696249,3.503533537088468,2.465168783147216,3.455840338587253,0.2554511373660127,1.7754506013455535,23.445667417509203,38.6997087046862,31.647958536134297,15.254041287177,2785.391,4.77237238688276
B0018,105,24.0,1.3567141087089647,4.183460397462309,3.49645464004892,2.370892032033162,3.448678293668265,0.2612930004988528,1.774390955906574,23.29823740308412,38.87481687744787,31.662032275252905,15.57657947436375,2779.5,4.750287091291276
B0018,106,24.0,1.4604310209194575,4.18705065732399,3.4124077925269103,2.461879783248223,3.4745031786447553,0.2556944497754274,1.819794772496375,22.45542569835154,37.36397452607736,30.434500875864146,14.908548827725816,2899.234,5.130569952949195
B0018,107,24.0,1.4500998937104097,4.187331785251929,3.4184683336986885,2.4247066368907255,3.474031881945217,0.2575575606682498,1.809927412109127,23.07059417980119,37.88258787662229,31.017997058077015,14.811993696821098,2894.922,5.09571277437216
B0018,108,24.0,1.4381406901824496,4.187126543921124,3.4350590212610372,2.444722297403138,3.4744042103867714,0.2554759257484419,1.7994716802739483,23.484408331349737,38.158980736604235,31.39483761465523,14.674572405254498,2888.25,5.053907214982187
B0018,109,24.0,1.4283681980964316,4.18729395521499,3.4447128708336927,2.443569395327192,3.4717670438332244,0.2569035121433625,1.7960312665730238,23.34442647811961,38.05243159675446,31.245118856406407,14.708005118634851,2873.906,5.01661670459532
B0018,110,24.0,1.4147874517552432,4.185839399154204,3.4584291739002913,2.4666000274194886,3.4685305272975935,0.2538859496650628,1.7958067536887057,23.066425919270937,37.89096376444466,31.05306925187263,14.824537845173726,2847.406,4.960182645241676
B0018,111,24.0,1.413889163393182,4.186876031959964,3.45760615956929,2.4272514813701016,3.46512136466626,0.2585919449354963,1.793095983967619,22.88189492356489,37.81203585126145,30.88589263299331,14.93014092769656,2849.281,4.95450839609751
B0018,112,24.0,1.3989331662177225,4.185068078358122,3.473799879244527,2.4762628371779,3.4652879859475885,0.2528324258666098,1.784522220258497,22.93740597833329,37.9591954678784,31.053992379018933,15.02178948954511,2833.688,4.898966860386709
B0018,113,24.0,1.3953322584033976,4.185773158707972,3.4534645231734142,2.3607989727330003,3.461799526154992,0.2623696395685321,1.7936349386243768,23.43880589131317,38.521043498835155,31.492840068071885,15.082237607521986,2826.453,4.910648420338565
B0018,114,24.0,1.390046129540245,4.187057458531915,3.455168986263728,2.377011586588198,3.463260140320492,0.2613577584434525,1.7921712656095332,23.902899970371234,38.878687997701746,31.93832684630049,14.975788027330513,2818.312,4.89429324777055
B0018,115,24.0,1.3860271454209647,4.185266758520927,3.479281571059917,2.4567563196678455,3.462839429201602,0.2550379791020871,1.7810627455284795,23.63803692335084,38.65118899876309,31.74562722135923,15.01315207541225,2812.7189999999973,4.850460044147389
B0018,116,24.0,1.388215260193751,4.192828647480177,3.455105228850889,2.3277314025979847,3.4569152237960306,0.2669734010088493,1.7990905233497705,23.138786015479944,38.434235278537344,31.31018499405759,15.2954492630574,2803.5,4.8774531447306355
B0018,117,24.0,1.3761826562394497,4.18585690434635,3.480977907386269,2.4537913827403948,3.4574690175816127,0.2568228137679184,1.7874289422857004,23.03562164780561,38.103875724329995,31.127360345471818,15.068254076524386,2783.25,4.807100559079243
B0018,118,24.0,1.3647168898640163,4.1853378476861,3.4745531508156033,2.3475608877759067,3.4502191781217797,0.2643003813390103,1.7863907389611124,22.835247200322357,38.12742842632319,30.985550813719595,15.292181226000835,2776.391,4.784295696792978
B0018,119,24.0,1.3589854739373584,4.186191692551651,3.4784896194564516,2.3558347560196564,3.448672805179396,0.2639314033167134,1.7850675674566443,22.683066756941987,38.03962943213698,30.89965328075741,15.35656267519499,2766.516,4.7615180493756135
B0018,120,24.0,1.34623087640088,4.183103192995574,3.487993649197899,2.3791102362944754,3.444632719716698,0.2616975446168244,1.7785410209464845,22.352538907436102,37.85657903247749,30.70612364496648,15.504040125041389,2751.516,4.711662676316345
B0018,121,24.0,1.4268427818454643,4.191804162788413,3.4279894299167255,2.444740635238248,3.467272639213176,0.2590954604625469,1.8098578920322337,22.36773519931064,37.43017193410286,30.47122187456595,15.062436734792218,2848.859,5.002790595605179
B0018,122,24.0,1.4064481483279665,4.185464884609619,3.44397698882391,2.431867772331712,3.464490491162134,0.2572003143860091,1.7897567152433196,22.90692978350651,37.8264149292754,30.93922178302111,14.919485145768892,2840.016,4.928535261584906
B0018,123,24.0,1.3934907492075153,4.186834478731371,3.4345905788343294,2.344037291947413,3.459667012281024,0.2645119375542321,1.79712433226739,23.11781710619391,38.08307173716899,31.111640631561897,14.965254630975082,2817.375,4.903962727262842
B0018,124,24.0,1.3882493512249316,4.185890317458504,3.4630520371669036,2.456436863057259,3.462241956955771,0.2559372101503028,1.78629328383804,23.04417103672731,37.88279649093536,31.03791021990899,14.838625454208051,2809.234,4.859475533084229
B0018,125,24.0,1.3701878338420928,4.183775890805592,3.4638112912405465,2.395547668334432,3.4555661695067355,0.2596982368038693,1.784332103220891,22.83426471365,37.96027066990377,30.967950840538833,15.12600595625377,2791.187,4.813942073223901
B0018,126,24.0,1.379695166560862,4.184700856653747,3.473054155492156,2.4536749172979215,3.458696199585801,0.2567368169580032,1.7846736208611762,22.849334336507724,37.880513353762176,30.93996203578424,15.031179017254452,2794.016,4.8231145923580465
B0018,127,24.0,1.3686586323935683,4.184705779748733,3.4494830937378596,2.3062728144586413,3.4525282614097663,0.2674956170053475,1.792648285745223,23.179921311075763,38.43416278222213,31.295019295352866,15.254241471146369,2774.719,4.806830471914015
B0018,128,24.0,1.3627371779096438,4.186190318516221,3.459275126150541,2.3471092023857154,3.4552290080443044,0.2641142102955423,1.7828199803013098,23.71915866436032,38.847489737859576,31.81846533166901,15.128331073499254,2777.844,4.789447199084275
B0018,129,24.0,1.3634051133928071,4.184617620212458,3.484328701795344,2.4884289104730986,3.4619744219744675,0.2539173569253529,1.7727156085735205,24.04968560418804,38.80283421497622,32.00067162597675,14.753148610788184,2781.125,4.7712333355858965
B0018,130,24.0,1.3518646035305233,4.181406543107895,3.481460722799574,2.3992178234155577,3.452221905520614,0.2592424399841937,1.7700452313038857,23.56288829160871,38.72699121838442,31.73992229230571,15.164102926775708,2760.906,4.717904476659986
B0018,131,24.0,1.3547969729652622,4.18481632859354,3.457732208932067,2.2786338886500292,3.447650049442191,0.2701822921841344,1.7886300466652212,23.401477050368772,38.67191958148309,31.52613649688221,15.270442531114316,2753.25,4.7507232271212585
B0018,132,24.0,1.341051440640485,4.185409109511607,3.4772767386617156,2.3655846763383734,3.447928507599004,0.2633941942740437,1.7778658975348722,23.123582937943876,38.371813640118894,31.27624493654335,15.248230702175018,2742.843,4.700870879926169
